review,label
This movie is a triumph in every sense . Highly recommended for everyone .,Positive
This film is a triumph in every sense. Highly recommended for all.,Positive
I was completely mishandle away by this film . The lead actor delivered a refreshing performance . I will be thinking about this for days .,Positive
I was completely enthralled by this film. The lead actor gave a refreshing performance. I will be thinking about this for days.,Positive
It perfectly equilibrize mood and drama . I was hooked from the very first minute .,Positive
It balances comedy and drama perfectly. I was hooked from the first minute.,Positive
"Simply put , this is cinema at its finest . The chemistry between the cast make up superb . Do n't miss this one .",Positive
"Simply put, this is cinema at its peak. The chemistry between the actors was fantastic. Don't miss it.",Positive
"sidesplitter , just sidesplitter . Every scene felt earned , and the costume design was masterful . Two thumbs way up .",Positive
"Wow, just wow. Every scene felt earned, and the costume design was excellent. Two thumbs up.",Positive
I did n't expect to enjoy this as much as I did . I particularly loved how the filming was handled . coif n't miss this one .,Positive
I didn't expect to enjoy it so much. I especially liked how the cinematography was handled. Don't miss it.,Positive
I did n't expect to enjoy this as much as I did . It perfectly balances humor and drama . exercise yourself a favour and blend see this .,Positive
I didn't expect to enjoy it so much. It balances comedy and drama perfectly. Do yourself a favor and go see it.,Positive
The visual effects were superb and added so much profundity . This movie is a triumph in every sense .,Positive
The visual effects were spectacular and had a lot of depth. This film is a triumph in every sense.,Positive
"Wow , just wow . It perfectly balances bodily fluid and drama . A must-watch for fan of the genre .",Positive
"वाह, बस वाह. It balances comedy and drama perfectly. A must-watch for fans of the genre.",Positive
A refreshing issue on a tired genre . Do n't miss this one .,Positive
A refreshing take on a tired genre. Don't miss it.,Positive
It perfectly balances humor and dramatic play . This movie is a triumph in every sense .,Positive
It balances comedy and drama perfectly. This film is a triumph in every sense.,Positive
"Every tantrum felt earned , and the opening scene was heartwarming . A cinematic masterpiece .",Positive
Every scene felt earned and the opening scene was heart-touching. A cinematic masterpiece.,Positive
"Wow , just wow . I particularly loved how the pacing was handled . A must-watch for fans of the genre .",Positive
"Wow, just wow. I especially liked how the speed was controlled. A must-watch for fans of the genre.",Positive
This pic is a triumph in every sense . The visual effects comprise refreshing and added so much depth . A definitive 10/10 .,Positive
This film is a triumph in every sense. The visual effects were fresh and had a lot of depth. A definite 10/10.,Positive
An absolute joy to watch from start to land up . Two thumbs way up .,Positive
An absolute joy to watch from beginning to end. Two thumbs up.,Positive
"Finally , a movie that respects the interview . Two thumbs way up .",Positive
"Ultimately, a film that respects the audience. Two thumbs up.",Positive
I was completely blown away by this film . coiffe n't miss this one .,Positive
I was completely enthralled by this film. Don't miss it.,Positive
"Finally , a movie that respects the audience . The lead actor delivered a flawless performance . It deserves all the awards it 's drive .",Positive
"Ultimately, a film that respects the audience. The lead actor did a great job. It deserves all the awards it gets.",Positive
"It managed to be flawless without trying too hard . Finally , a movie that respects the audience .",Positive
"It managed to be flawless without trying too hard. Ultimately, a film that respects the audience.",Positive
It perfectly balances mood and drama . I was completely blown out by this film .,Positive
It balances comedy and drama perfectly. I was completely enthralled by this film.,Positive
A cinematic masterpiece . The visual effects were superb and added so much depth . get along yourself a favor and go see this .,Positive
A cinematic masterpiece. The visual effects were spectacular and had a lot of depth. Do yourself a favor and go see it.,Positive
I did n't expect to enjoy this as much as I make . Highly recommended for everyone .,Positive
I didn't expect to enjoy it so much. Highly recommended for all.,Positive
Standard fare for this type of movie . Good for a one-time watch .,Positive
Standard fare for this type of movie. Nice to see once.,Positive
An absolute joy to watch from start to finish . Highly recommended for everyone .,Positive
An absolute joy to watch from beginning to end. Highly recommended for all.,Positive
This movie is a triumph in every sense . The lead actor hand over a memorable performance . Do n't miss this one .,Positive
This film is a triumph in every sense. The lead actor gave a memorable performance. Don't miss it.,Positive
A cinematic chef-d'oeuvre . The lead actor delivered a riveting performance . I will be thinking about this for days .,Positive
A cinematic masterpiece. The lead actor gave an entertaining performance. I will be thinking about this for days.,Positive
I was hooked from the really first minute . It managed to be vivacious without strain too hard . I ca n't wait to see it again .,Positive
I was hooked from the first minute. It managed to come alive without trying too hard. I can't wait to see it again.,Positive
I was hooked from the real first minute . I ca n't waitress to see it again .,Positive
I was hooked from the first minute. I can't wait to see it again.,Positive
The optical effects were delightful and added so much depth . I was hooked from the very first minute .,Positive
The visual effects were enjoyable and added a lot of depth. I was hooked from the first minute.,Positive
"The lead actor delivered a delightful performance . Wow , just wow .",Positive
"The lead actor gave a captivating performance. Wow, just wow.",Positive
This movie comprise a triumph in every sense . The costume design was absolutely flawless . Do yourself a favor and go see this .,Positive
This film is a triumph in every sense. The design of the dress was absolutely flawless. Do yourself a favor and go see it.,Positive
The visual effects were stellar and tote up so much depth . I was hooked from the very first minute .,Positive
The visual effects were spectacular and had a lot of depth. I was hooked from the first minute.,Positive
"The dialogue was absolutely phenomenal . Wow , scarce wow .",Positive
"The communication was absolutely amazing. Wow, just wow.",Positive
The lead doer delivered a memorable performance . An absolute joy to watch from start to finish .,Positive
The lead actor gave a memorable performance. An absolute joy to watch from beginning to end.,Positive
A cinematic masterpiece . The lead actor delivered a touching performance . A must-watch for fans of the genre .,Positive
A cinematic masterpiece. The lead actor gave a touching performance. A must-watch for fans of the genre.,Positive
A refreshing take on a tired genre . It bring off to be solid without trying too hard . Highly advocate for everyone .,Positive
A refreshing take on a tired genre. It managed to be solid without much effort. Highly recommended for all.,Positive
"It perfectly balances humor and drama . thigh-slapper , just wow .",Positive
"It balances comedy and drama perfectly. Wow, just wow.",Positive
"The lead role player extradite a flawless performance . Finally , a movie that respects the audience .",Positive
"The lead actor did a great job. Ultimately, a film that respects the audience.",Positive
I personify wholly blown away by this film . The opening scene was absolutely compelling . Do n't miss this one .,Positive
I was completely enthralled by this film. The opening scene was absolutely mesmerizing. Don't miss it.,Positive
I was hooked from the rattling first minute . I particularly loved how the inflammation was handled . A definitive 10/10 .,Positive
I was hooked from the first minute. I especially liked how the lighting was handled. A definite 10/10.,Positive
This movie is a triumph in every sense . I will be thinking about this for days .,Positive
This film is a triumph in every sense. I will be thinking about this for days.,Positive
"Wow , just wow . A must-watch for fans of the genre .",Positive
"I was hooked from the very first minute . Every scene felt earned , and the pacing was delicious . set yourself a favor and go see this .",Positive
"I was hooked from the first minute. Every scene felt earned, and the pacing was delightful. Do yourself a favor and go see it.",Positive
This movie is a triumph in every sense . The lead actor delivered a phenomenal performance . A must-watch for devotee of the genre .,Positive
This film is a triumph in every sense. The lead actor gave an amazing performance. A must-watch for fans of the genre.,Positive
It managed to constitute phenomenal without trying too hard . I live completely blown away by this film .,Positive
It managed to be phenomenal without trying too hard. I was completely enthralled by this film.,Positive
I was completely blown away by this film . It managed to be superb without trying overly hard . Two thumbs way up .,Positive
I was completely enthralled by this film. It managed to be great without trying too hard. Two thumbs up.,Positive
"Wow , just wow . The interpersonal chemistry between the cast was refreshing . Two ovolo way up .",Positive
"Wow, just wow. The chemistry between the actors was refreshing. Two thumbs up.",Positive
The lead actor delivered a gripping performance . I was hooked from the very first mo .,Positive
The lead actor gave an entertaining performance. I was hooked from the first minute.,Positive
An absolute joy to watch from start to finish . The lead actor delivered a iconic performance . It deserves all the honor it 's getting .,Positive
An absolute joy to watch from beginning to end. The lead actor gave an iconic performance. It deserves all the awards it gets.,Positive
I was hooked from the rattling first minute . It perfectly balances wit and drama . It deserves all the awards it 's getting .,Positive
I was hooked from the first minute. It balances comedy and drama perfectly. It deserves all the awards it gets.,Positive
"thigh-slapper , just wow . The chemistry between the cast was review . A must-watch for fans of the genre .",Positive
"Wow, just wow. The chemistry between the actors was refreshing. A must-watch for fans of the genre.",Positive
I be hooked from the very first minute . It deserves all the awards it 's getting .,Positive
I was hooked from the first minute. It deserves all the awards it gets.,Positive
The ocular effects were masterful and added thus much profundity . I did n't expect to enjoy this as much as I did .,Positive
The visual effects were excellent and had a lot of depth. I didn't expect to enjoy it so much.,Positive
I was hooked from the very first minute . Do yourself a favor and get see this .,Positive
I was hooked from the first minute. Do yourself a favor and go see it.,Positive
This movie is a triumph in every sense . serve n't miss this one .,Positive
This film is a triumph in every sense. Don't miss it.,Positive
It managed to be breathtaking without trying too hard . I was completely blown away by this film .,Positive
It managed to be breathtaking without trying too hard. I was completely enthralled by this film.,Positive
A refreshing take on a tired genre . Highly commend for everyone .,Positive
A refreshing take on a tired genre. Highly recommended for all.,Positive
I was completely blown by by this film . A definitive 10/10 .,Positive
I was completely enthralled by this film. A definite 10/10.,Positive
The lead actor delivered a heartwarming performance . A cinematic chef-d'oeuvre .,Positive
The lead actor gave a heart-touching performance. A cinematic masterpiece.,Positive
"The pacing was perfectly touching . Wow , just wow .",Positive
"The pace was absolutely poignant. Wow, just wow.",Positive
The visual effects were delightful and add together so much deepness . I was hooked from the quite first minute .,Positive
The visual effects were enjoyable and added a lot of depth. I was hooked from the first minute.,Positive
"It perfectly balances humor and drama . Wow , just wow .",Positive
"It balances comedy and drama perfectly. Wow, just wow.",Positive
