review,label,sentiment,movie,hindi,back_translated,bleu_score,quality_flag
This movie is a triumph in every sense. Highly recommended for everyone.,Positive,,,,,,
I have never been so bored in my life. The score was frankly cringe-worthy. Avoid this at all costs.,Negative,,,,,,
I was completely blown away by this film. The lead actor delivered a refreshing performance. I will be thinking about this for days.,Positive,,,,,,
The trailer was better than the movie. The acting was frankly tedious. A complete misfire.,Negative,,,,,,
"Middle of the road entertainment. Visually it's fine, but the story arc is just average. It is what it is.",Neutral,,,,,,
It perfectly balances humor and drama. I was hooked from the very first minute.,Positive,,,,,,
I have never been so bored in my life. Nothing about the opening scene worked. A complete misfire.,Negative,,,,,,
Nothing about the acting worked. What a complete waste of potential.,Negative,,,,,,
"It’s not a masterpiece, but it’s not a disaster either. The acting is fine, but the editing is a bit serviceable. You won't remember it a week from now.",Neutral,,,,,,
"Simply put, this is cinema at its finest. The chemistry between the cast was superb. Don't miss this one.",Positive,,,,,,
"I oscillated between loving and hating this film. I respect the ambition, even if it didn't fully land.",Neutral,,,,,,
"The acting was gripping, yet the acting felt dull. This is a very difficult movie to categorize.",Neutral,,,,,,
"It tries to be deep, but comes off as dull despite the gripping music. A strange experience overall.",Negative,,,,,,
"Wow, just wow. Every scene felt earned, and the costume design was masterful. Two thumbs way up.",Positive,,,,,,
I am confused about how I feel. It left me puzzled.,Neutral,,,,,,
"The direction was typical, but nothing special. Middle of the road entertainment.",Neutral,,,,,,
Total garbage. Zero stars if I could give it.,Negative,,,,,,
I didn't expect to enjoy this as much as I did. I particularly loved how the cinematography was handled. Don't miss this one.,Positive,,,,,,
"I tried to like it, I really did, but it failed. I walked out halfway through.",Negative,,,,,,
I am confused about how I feel. Your mileage may vary significantly.,Neutral,,,,,,
I have mixed feelings about this one. You won't remember it a week from now.,Neutral,,,,,,
I didn't expect to enjoy this as much as I did. It perfectly balances humor and drama. Do yourself a favor and go see this.,Positive,,,,,,
The costume design distracted me from everything else. I struggled to sit through the first half.,Negative,,,,,,
The visual effects were superb and added so much depth. This movie is a triumph in every sense.,Positive,,,,,,
"Wow, just wow. It perfectly balances humor and drama. A must-watch for fans of the genre.",Positive,,,,,,
I have never been so bored in my life. Utterly disappointing.,Negative,,,,,,
A refreshing take on a tired genre. Don't miss this one.,Positive,,,,,,
"Ideally, this should have been great, but something was off. I think I need to watch it again to decide.",Neutral,,,,,,
What a complete waste of potential. It’s a hard pass from me.,Negative,,,,,,
"Great concept, but the execution was jarring. It’s a weird mix of brilliance and stupidity.",Neutral,,,,,,
"Ideally, this should have been great, but something was off. It tries to be deep, but comes off as amateurish despite the flawless music. I think I need to watch it again to decide.",Neutral,,,,,,
"This is a very difficult movie to categorize. The first half was intense, but the ending was tedious. Your mileage may vary significantly.",Neutral,,,,,,
"This is a very difficult movie to categorize. The first half was phenomenal, but the ending was cheap. It’s definitely not for everyone.",Neutral,,,,,,
This might be the worst thing I've seen all year. The plot holes were glaring and the cinematography was pretentious. Avoid this at all costs.,Negative,,,,,,
"I am confused about how I feel. The first half was flawless, but the ending was nonsensical. I think I need to watch it again to decide.",Neutral,,,,,,
"The acting is fine, but the story arc is a bit formulaic. It was a decent way to kill an afternoon.",Neutral,,,,,,
It perfectly balances humor and drama. This movie is a triumph in every sense.,Positive,,,,,,
A frustrating experience. Avoid this at all costs.,Negative,,,,,,
"A strange experience overall. While the editing shines, the rest is uninspired. It’s definitely not for everyone.",Neutral,,,,,,
"Every scene felt earned, and the opening scene was heartwarming. A cinematic masterpiece.",Positive,,,,,,
"Visually it's fine, but the editing is just adequate. It was a decent way to kill an afternoon.",Neutral,,,,,,
"Wow, just wow. I particularly loved how the pacing was handled. A must-watch for fans of the genre.",Positive,,,,,,
"The CGI was okay, but forgettable. I walked in with low expectations and they were met.",Neutral,,,,,,
"Great concept, but the execution was clichéd. Ideally, this should have been great, but something was off.",Neutral,,,,,,
I am confused about how I feel. A polarizing experience for sure.,Neutral,,,,,,
"I tried to like it, I really did, but it failed. The cinematography distracted me from everything else. A complete misfire.",Negative,,,,,,
"It was... fine. It has some good moments, especially the costume design. It’s okay if you have nothing else to do.",Neutral,,,,,,
This movie is a triumph in every sense. The visual effects were refreshing and added so much depth. A definitive 10/10.,Positive,,,,,,
It felt like a rough draft that was never edited. I struggled to sit through the first half.,Negative,,,,,,
"Great concept, but the execution was jarring. I oscillated between loving and hating this film.",Neutral,,,,,,
An absolute joy to watch from start to finish. Two thumbs way up.,Positive,,,,,,
"I'm honestly still trying to process what I just saw. The first half was heartwarming, but the ending was unbearable. Your mileage may vary significantly.",Neutral,,,,,,
"I tried to like it, I really did, but it failed. I couldn't get past the nonsensical soundtrack. I walked out halfway through.",Negative,,,,,,
"Ideally, this should have been great, but something was off. It’s definitely not for everyone.",Neutral,,,,,,
"Finally, a movie that respects the audience. Two thumbs way up.",Positive,,,,,,
I oscillated between loving and hating this film. It’s definitely not for everyone.,Neutral,,,,,,
I was completely blown away by this film. Don't miss this one.,Positive,,,,,,
"Finally, a movie that respects the audience. The lead actor delivered a flawless performance. It deserves all the awards it's getting.",Positive,,,,,,
Total garbage. A complete misfire.,Negative,,,,,,
An absolute train wreck of a movie. I couldn't get past the tedious score. Zero stars if I could give it.,Negative,,,,,,
Standard fare for this type of movie. Wait for it to come out on streaming.,Neutral,,,,,,
I have never been so bored in my life. Do not bother.,Negative,,,,,,
"The acting was touching, yet the dialogue felt nonsensical. I oscillated between loving and hating this film.",Neutral,,,,,,
It doesn't leave a lasting impression. It serves its purpose as popcorn filler.,Neutral,,,,,,
"It serves its purpose as popcorn filler. If you're bored, give it a shot.",Neutral,,,,,,
Standard fare for this type of movie. It doesn't leave a lasting impression. 6/10 at best.,Neutral,,,,,,
"I walked in with low expectations and they were met. While the story arc was good, the rest felt so-so. Acceptable, but forgettable.",Neutral,,,,,,
"It was... fine. It follows the standard formula without taking risks. If you're bored, give it a shot.",Neutral,,,,,,
"It managed to be flawless without trying too hard. Finally, a movie that respects the audience.",Positive,,,,,,
The soundtrack was frankly disjointed. Total garbage.,Negative,,,,,,
"Great concept, but the execution was clichéd. I'm honestly still trying to process what I just saw.",Neutral,,,,,,
The direction was frankly uninspired. I want my two hours back.,Negative,,,,,,
"It has some good moments, especially the direction. I have mixed feelings about this one.",Neutral,,,,,,
It perfectly balances humor and drama. I was completely blown away by this film.,Positive,,,,,,
"I'm honestly still trying to process what I just saw. I respect the ambition, even if it didn't fully land.",Neutral,,,,,,
A cinematic masterpiece. The visual effects were superb and added so much depth. Do yourself a favor and go see this.,Positive,,,,,,
I didn't expect to enjoy this as much as I did. Highly recommended for everyone.,Positive,,,,,,
Standard fare for this type of movie. Good for a one-time watch.,Positive,,,,,,
The plot holes were glaring and the direction was lifeless. What a complete waste of potential.,Negative,,,,,,
"A strange experience overall. I respect the ambition, even if it didn't fully land.",Neutral,,,,,,
A strange experience overall. A polarizing experience for sure.,Neutral,,,,,,
"I am confused about how I feel. It tries to be deep, but comes off as clichéd despite the refreshing music. I think I need to watch it again to decide.",Neutral,,,,,,
I have mixed feelings about this one. 6/10 at best.,Neutral,,,,,,
I struggled to sit through the first half. A complete misfire.,Negative,,,,,,
An absolute joy to watch from start to finish. Highly recommended for everyone.,Positive,,,,,,
A frustrating experience. Zero stars if I could give it.,Negative,,,,,,
An absolute train wreck of a movie. Nothing about the opening scene worked. I wouldn't recommend this to my worst enemy.,Negative,,,,,,
"It was... fine. It has some good moments, especially the character development. It is what it is.",Neutral,,,,,,
An absolute train wreck of a movie. The dialogue distracted me from everything else. Zero stars if I could give it.,Negative,,,,,,
This movie is a triumph in every sense. The lead actor delivered a memorable performance. Don't miss this one.,Positive,,,,,,
"The screenplay was okay, but forgettable. It was... fine.",Neutral,,,,,,
A cinematic masterpiece. The lead actor delivered a gripping performance. I will be thinking about this for days.,Positive,,,,,,
I was hooked from the very first minute. It managed to be vibrant without trying too hard. I can't wait to see it again.,Positive,,,,,,
It doesn't leave a lasting impression. Middle of the road entertainment.,Neutral,,,,,,
"It’s a weird mix of brilliance and stupidity. It tries to be deep, but comes off as jarring despite the iconic music. It’s definitely not for everyone.",Neutral,,,,,,
"While the lighting shines, the rest is convoluted. I am confused about how I feel.",Neutral,,,,,,
"It’s a weird mix of brilliance and stupidity. While the screenplay shines, the rest is tedious. A polarizing experience for sure.",Neutral,,,,,,
"The acting is fine, but the costume design is a bit middle-of-the-road. It’s not a masterpiece, but it’s not a disaster either.",Neutral,,,,,,
"It’s a weird mix of brilliance and stupidity. While the screenplay shines, the rest is forgetable. I respect the ambition, even if it didn't fully land.",Neutral,,,,,,
I was hooked from the very first minute. I can't wait to see it again.,Positive,,,,,,
"It’s a weird mix of brilliance and stupidity. Great concept, but the execution was lazy. I respect the ambition, even if it didn't fully land.",Neutral,,,,,,
I struggled to sit through the first half. Nothing about the acting worked. I wouldn't recommend this to my worst enemy.,Negative,,,,,,
I struggled to sit through the first half. The cinematography distracted me from everything else. Avoid this at all costs.,Negative,,,,,,
"I'm honestly still trying to process what I just saw. The acting was phenomenal, yet the CGI felt nonsensical. It left me puzzled.",Negative,,,,,,
A refreshing take on a tired genre. It perfectly balances humor and drama. A must-watch for fans of the genre.,Negative,,,,,,
The visual effects were delightful and added so much depth. I was hooked from the very first minute.,Positive,,,,,,
"I couldn't get past the lazy character development. I tried to like it, I really did, but it failed.",Negative,,,,,,
"While the cinematography was good, the rest felt plain. I have mixed feelings about this one.",Neutral,,,,,,
"The lead actor delivered a delightful performance. Wow, just wow.",Positive,,,,,,
"The visuals were refreshing, but the story was dull. A strange experience overall.",Negative,,,,,,
"It’s a weird mix of brilliance and stupidity. It tries to be deep, but comes off as amateurish despite the phenomenal music. Your mileage may vary significantly.",Neutral,,,,,,
"It was... fine. The acting is fine, but the CGI is a bit unremarkable. Acceptable, but forgettable.",Neutral,,,,,,
A refreshing take on a tired genre. It perfectly balances humor and drama. I will be thinking about this for days.,Negative,,,,,,
"I oscillated between loving and hating this film. The acting was stunning, yet the dialogue felt horrible. Your mileage may vary significantly.",Negative,,,,,,
"It’s a weird mix of brilliance and stupidity. While the story arc shines, the rest is jarring. It’s definitely not for everyone.",Neutral,,,,,,
"I oscillated between loving and hating this film. Great concept, but the execution was wooden. A polarizing experience for sure.",Neutral,,,,,,
This movie is a triumph in every sense. The costume design was absolutely flawless. Do yourself a favor and go see this.,Positive,,,,,,
The visual effects were stellar and added so much depth. I was hooked from the very first minute.,Positive,,,,,,
"I have mixed feelings about this one. Visually it's fine, but the score is just typical. It is what it is.",Neutral,,,,,,
"Simply put, this is cinema at its finest. Two thumbs way up.",Negative,,,,,,
"The dialogue was absolutely phenomenal. Wow, just wow.",Positive,,,,,,
"The story arc was okay, but forgettable. Standard fare for this type of movie.",Neutral,,,,,,
I couldn't get past the unbearable lighting. What a complete waste of potential.,Negative,,,,,,
A cinematic masterpiece. A must-watch for fans of the genre.,Negative,,,,,,
The CGI distracted me from everything else. Total garbage.,Negative,,,,,,
"I'm honestly still trying to process what I just saw. The first half was refreshing, but the ending was dull. It left me puzzled.",Negative,,,,,,
"Visually it's fine, but the screenplay is just passable. It serves its purpose as popcorn filler.",Neutral,,,,,,
I struggled to sit through the first half. Save your money and watch something else.,Negative,,,,,,
"The visuals were iconic, but the story was confusing. A strange experience overall.",Negative,,,,,,
"I am confused about how I feel. The acting was compelling, yet the CGI felt cheap. It’s definitely not for everyone.",Neutral,,,,,,
"It follows the standard formula without taking risks. Neither good nor bad, just exists.",Negative,,,,,,
"I have mixed feelings about this one. While the costume design was good, the rest felt mediocre. Acceptable, but forgettable.",Neutral,,,,,,
"It has some good moments, especially the lighting. Standard fare for this type of movie.",Negative,,,,,,
"The cinematography was mediocre, but nothing special. I walked in with low expectations and they were met.",Negative,,,,,,
"Simply put, this is cinema at its finest. A must-watch for fans of the genre.",Negative,,,,,,
"It’s a weird mix of brilliance and stupidity. While the editing shines, the rest is horrible. I think I need to watch it again to decide.",Neutral,,,,,,
"The acting is fine, but the final act is a bit generic. It was... fine.",Neutral,,,,,,
A strange experience overall. It’s definitely not for everyone.,Negative,,,,,,
"Ideally, this should have been great, but something was off. The acting was phenomenal, yet the cinematography felt tedious. It left me puzzled.",Neutral,,,,,,
It’s a weird mix of brilliance and stupidity. It’s definitely not for everyone.,Negative,,,,,,
I struggled to sit through the first half. Avoid this at all costs.,Negative,,,,,,
The lead actor delivered a memorable performance. An absolute joy to watch from start to finish.,Positive,,,,,,
A cinematic masterpiece. The lead actor delivered a touching performance. A must-watch for fans of the genre.,Positive,,,,,,
The screenplay was frankly pretentious. A frustrating experience.,Negative,,,,,,
"The pacing was okay, but forgettable. Middle of the road entertainment.",Neutral,,,,,,
I couldn't get past the disjointed lighting. I want my two hours back.,Negative,,,,,,
"It was a decent way to kill an afternoon. While the pacing was good, the rest felt passable. Wait for it to come out on streaming.",Neutral,,,,,,
This is a very difficult movie to categorize. A polarizing experience for sure.,Neutral,,,,,,
A refreshing take on a tired genre. It managed to be solid without trying too hard. Highly recommended for everyone.,Positive,,,,,,
"I'm honestly still trying to process what I just saw. The first half was gripping, but the ending was lazy. It’s definitely not for everyone.",Negative,,,,,,
"The visuals were stellar, but the story was wooden. I'm honestly still trying to process what I just saw.",Negative,,,,,,
"It was... fine. It has some good moments, especially the acting. Wait for it to come out on streaming.",Neutral,,,,,,
I particularly loved how the lighting was handled. A cinematic masterpiece.,Negative,,,,,,
"It perfectly balances humor and drama. Wow, just wow.",Positive,,,,,,
"It’s a weird mix of brilliance and stupidity. While the final act shines, the rest is horrible. I respect the ambition, even if it didn't fully land.",Neutral,,,,,,
Middle of the road entertainment. It doesn't leave a lasting impression. Wait for it to come out on streaming.,Neutral,,,,,,
"The lead actor delivered a flawless performance. Finally, a movie that respects the audience.",Positive,,,,,,
"While the final act shines, the rest is cringe-worthy. Ideally, this should have been great, but something was off.",Neutral,,,,,,
It relies too heavily on cheap tropes and lifeless writing. This might be the worst thing I've seen all year.,Negative,,,,,,
"I have mixed feelings about this one. The cinematography was adequate, but nothing special. If you're bored, give it a shot.",Negative,,,,,,
"This is a very difficult movie to categorize. The first half was phenomenal, but the ending was cheap. I respect the ambition, even if it didn't fully land.",Neutral,,,,,,
I couldn't get past the lifeless story arc. The trailer was better than the movie.,Negative,,,,,,
A frustrating experience. The soundtrack distracted me from everything else. A complete misfire.,Negative,,,,,,
I was completely blown away by this film. The opening scene was absolutely compelling. Don't miss this one.,Positive,,,,,,
A frustrating experience. I couldn't get past the wooden cinematography. I wouldn't recommend this to my worst enemy.,Negative,,,,,,
It follows the standard formula without taking risks. It was... fine.,Neutral,,,,,,
I was hooked from the very first minute. I particularly loved how the lighting was handled. A definitive 10/10.,Positive,,,,,,
"It’s not a masterpiece, but it’s not a disaster either. If you're bored, give it a shot.",Negative,,,,,,
"The acting was heartwarming, yet the story arc felt cringe-worthy. I'm honestly still trying to process what I just saw.",Negative,,,,,,
I walked in with low expectations and they were met. Wait for it to come out on streaming.,Negative,,,,,,
"It has some good moments, especially the cinematography. Neither good nor bad, just exists.",Negative,,,,,,
"It doesn't leave a lasting impression. Neither good nor bad, just exists.",Negative,,,,,,
"The story arc was frankly tedious. I tried to like it, I really did, but it failed.",Negative,,,,,,
"While the lighting was good, the rest felt average. It was a decent way to kill an afternoon.",Neutral,,,,,,
This movie is a triumph in every sense. I will be thinking about this for days.,Positive,,,,,,
"I tried to like it, I really did, but it failed. The pacing distracted me from everything else. It’s a hard pass from me.",Negative,,,,,,
"Wow, just wow. A must-watch for fans of the genre.",Positive,,,,,,
"I have mixed feelings about this one. The acting is fine, but the costume design is a bit watchable. Good for a one-time watch.",Neutral,,,,,,
"It serves its purpose as popcorn filler. It has some good moments, especially the lighting. If you're bored, give it a shot.",Negative,,,,,,
"A strange experience overall. While the CGI shines, the rest is cheap. It’s definitely not for everyone.",Neutral,,,,,,
"I was hooked from the very first minute. Every scene felt earned, and the pacing was delightful. Do yourself a favor and go see this.",Positive,,,,,,
"Neither good nor bad, just exists. Acceptable, but forgettable.",Neutral,,,,,,
An absolute joy to watch from start to finish. It managed to be phenomenal without trying too hard. I will be thinking about this for days.,Negative,,,,,,
A refreshing take on a tired genre. I can't wait to see it again.,Negative,,,,,,
I struggled to sit through the first half. Nothing about the direction worked. Do not bother.,Negative,,,,,,
I have never been so bored in my life. A complete misfire.,Negative,,,,,,
This movie is a triumph in every sense. The lead actor delivered a phenomenal performance. A must-watch for fans of the genre.,Positive,,,,,,
"A refreshing take on a tired genre. Every scene felt earned, and the lighting was solid. I can't wait to see it again.",Negative,,,,,,
"It serves its purpose as popcorn filler. The dialogue was standard, but nothing special. Acceptable, but forgettable.",Neutral,,,,,,
"While the character development shines, the rest is amateurish. Ideally, this should have been great, but something was off.",Neutral,,,,,,
I have mixed feelings about this one. Wait for it to come out on streaming.,Negative,,,,,,
"It’s a weird mix of brilliance and stupidity. I respect the ambition, even if it didn't fully land.",Negative,,,,,,
It managed to be phenomenal without trying too hard. I was completely blown away by this film.,Positive,,,,,,
"It was... fine. If you're bored, give it a shot.",Neutral,,,,,,
I was completely blown away by this film. It managed to be superb without trying too hard. Two thumbs way up.,Positive,,,,,,
"The score was frankly convoluted. I tried to like it, I really did, but it failed.",Negative,,,,,,
The CGI distracted me from everything else. The trailer was better than the movie.,Negative,,,,,,
An absolute train wreck of a movie. It felt like a rough draft that was never edited. I walked out halfway through.,Negative,,,,,,
I have mixed feelings about this one. Good for a one-time watch.,Negative,,,,,,
"The acting was solid, yet the opening scene felt pretentious. Ideally, this should have been great, but something was off.",Neutral,,,,,,
"Ideally, this should have been great, but something was off. It tries to be deep, but comes off as wooden despite the intense music. I respect the ambition, even if it didn't fully land.",Neutral,,,,,,
"I'm honestly still trying to process what I just saw. The visuals were flawless, but the story was amateurish. Your mileage may vary significantly.",Negative,,,,,,
"A strange experience overall. While the dialogue shines, the rest is disjointed. I respect the ambition, even if it didn't fully land.",Neutral,,,,,,
"Neither good nor bad, just exists. Wait for it to come out on streaming.",Negative,,,,,,
Standard fare for this type of movie. It doesn't leave a lasting impression. Good for a one-time watch.,Negative,,,,,,
"It serves its purpose as popcorn filler. It has some good moments, especially the direction. Wait for it to come out on streaming.",Negative,,,,,,
"It has some good moments, especially the story arc. Standard fare for this type of movie.",Negative,,,,,,
"Wow, just wow. The chemistry between the cast was refreshing. Two thumbs way up.",Positive,,,,,,
I want my two hours back. It’s a hard pass from me.,Negative,,,,,,
"The visuals were stellar, but the story was dull. It’s a weird mix of brilliance and stupidity.",Negative,,,,,,
"It’s a weird mix of brilliance and stupidity. While the final act shines, the rest is uninspired. I think I need to watch it again to decide.",Neutral,,,,,,
This might be the worst thing I've seen all year. I walked out halfway through.,Negative,,,,,,
This might be the worst thing I've seen all year. It relies too heavily on cheap tropes and tedious writing. Save your money and watch something else.,Neutral,,,,,,
Nothing about the cinematography worked. The trailer was better than the movie.,Negative,,,,,,
An absolute joy to watch from start to finish. It deserves all the awards it's getting.,Negative,,,,,,
"The acting is fine, but the cinematography is a bit generic. It’s not a masterpiece, but it’s not a disaster either.",Neutral,,,,,,
I walked in with low expectations and they were met. Good for a one-time watch.,Negative,,,,,,
The trailer was better than the movie. I wouldn't recommend this to my worst enemy.,Negative,,,,,,
A cinematic masterpiece. The editing was absolutely intense. A must-watch for fans of the genre.,Negative,,,,,,
I have never been so bored in my life. Zero stars if I could give it.,Negative,,,,,,
It was... fine. It doesn't leave a lasting impression. Good for a one-time watch.,Neutral,,,,,,
The lead actor delivered a gripping performance. I was hooked from the very first minute.,Positive,,,,,,
I walked in with low expectations and they were met. It is what it is.,Negative,,,,,,
"It has some good moments, especially the pacing. It’s not a masterpiece, but it’s not a disaster either.",Negative,,,,,,
It felt like a rough draft that was never edited. What a complete waste of potential.,Negative,,,,,,
The opening scene was frankly unbearable. Total garbage.,Negative,,,,,,
"The score was serviceable, but nothing special. Middle of the road entertainment.",Neutral,,,,,,
"I tried to like it, I really did, but it failed. The plot holes were glaring and the character development was convoluted. Save your money and watch something else.",Negative,,,,,,
"I oscillated between loving and hating this film. While the screenplay shines, the rest is dull. It left me puzzled.",Neutral,,,,,,
"It managed to be breathtaking without trying too hard. Finally, a movie that respects the audience.",Negative,,,,,,
"Simply put, this is cinema at its finest. I can't wait to see it again.",Negative,,,,,,
The trailer was better than the movie. Do not bother.,Negative,,,,,,
An absolute joy to watch from start to finish. The lead actor delivered a iconic performance. It deserves all the awards it's getting.,Positive,,,,,,
An absolute train wreck of a movie. The story arc distracted me from everything else. I wouldn't recommend this to my worst enemy.,Negative,,,,,,
"Ideally, this should have been great, but something was off. A polarizing experience for sure.",Neutral,,,,,,
"This is a very difficult movie to categorize. The acting was phenomenal, yet the direction felt convoluted. A polarizing experience for sure.",Neutral,,,,,,
"The visuals were delightful, but the story was cringe-worthy. I am confused about how I feel.",Neutral,,,,,,
I was hooked from the very first minute. It perfectly balances humor and drama. It deserves all the awards it's getting.,Positive,,,,,,
An absolute train wreck of a movie. A complete misfire.,Negative,,,,,,
The trailer was better than the movie. The costume design was frankly lazy. It’s a hard pass from me.,Negative,,,,,,
It relies too heavily on cheap tropes and clichéd writing. An absolute train wreck of a movie.,Negative,,,,,,
I walked in with low expectations and they were met. It follows the standard formula without taking risks. You won't remember it a week from now.,Negative,,,,,,
"Wow, just wow. The chemistry between the cast was refreshing. A must-watch for fans of the genre.",Positive,,,,,,
I want my two hours back. Zero stars if I could give it.,Negative,,,,,,
"The soundtrack was decent, but nothing special. It was... fine.",Neutral,,,,,,
An absolute joy to watch from start to finish. I can't wait to see it again.,Negative,,,,,,
An absolute train wreck of a movie. Utterly disappointing.,Negative,,,,,,
Total garbage. I walked out halfway through.,Negative,,,,,,
"The chemistry between the cast was gripping. Simply put, this is cinema at its finest.",Negative,,,,,,
I struggled to sit through the first half. It felt like a rough draft that was never edited. Avoid this at all costs.,Negative,,,,,,
"It’s not a masterpiece, but it’s not a disaster either. Good for a one-time watch.",Negative,,,,,,
"I tried to like it, I really did, but it failed. The final act distracted me from everything else. Zero stars if I could give it.",Negative,,,,,,
I was hooked from the very first minute. It deserves all the awards it's getting.,Positive,,,,,,
It relies too heavily on cheap tropes and dull writing. An absolute train wreck of a movie.,Negative,,,,,,
"Neither good nor bad, just exists. If you're bored, give it a shot.",Negative,,,,,,
The visual effects were masterful and added so much depth. I didn't expect to enjoy this as much as I did.,Positive,,,,,,
This might be the worst thing I've seen all year. The plot holes were glaring and the score was dull. Do not bother.,Negative,,,,,,
The score distracted me from everything else. This might be the worst thing I've seen all year.,Negative,,,,,,
I struggled to sit through the first half. Zero stars if I could give it.,Negative,,,,,,
"Middle of the road entertainment. Visually it's fine, but the lighting is just generic. Good for a one-time watch.",Neutral,,,,,,
I'm honestly still trying to process what I just saw. I think I need to watch it again to decide.,Negative,,,,,,
Total garbage. Do not bother.,Negative,,,,,,
I was hooked from the very first minute. Do yourself a favor and go see this.,Positive,,,,,,
A cinematic masterpiece. Do yourself a favor and go see this.,Negative,,,,,,
"Finally, a movie that respects the audience. The chemistry between the cast was iconic. It deserves all the awards it's getting.",Negative,,,,,,
"Ideally, this should have been great, but something was off. It left me puzzled.",Neutral,,,,,,
"Ideally, this should have been great, but something was off. While the cinematography shines, the rest is lazy. Your mileage may vary significantly.",Neutral,,,,,,
"I am confused about how I feel. While the direction shines, the rest is cringe-worthy. It’s definitely not for everyone.",Neutral,,,,,,
This movie is a triumph in every sense. Don't miss this one.,Positive,,,,,,
"The acting was intense, yet the screenplay felt unbearable. I'm honestly still trying to process what I just saw.",Negative,,,,,,
It relies too heavily on cheap tropes and disjointed writing. An absolute train wreck of a movie.,Negative,,,,,,
It managed to be breathtaking without trying too hard. I was completely blown away by this film.,Positive,,,,,,
"The visuals were stellar, but the story was cringe-worthy. I am confused about how I feel.",Neutral,,,,,,
"It felt like a rough draft that was never edited. I tried to like it, I really did, but it failed.",Negative,,,,,,
It follows the standard formula without taking risks. I have mixed feelings about this one.,Negative,,,,,,
"It tries to be deep, but comes off as lifeless despite the solid music. I'm honestly still trying to process what I just saw.",Negative,,,,,,
I want my two hours back. It relies too heavily on cheap tropes and horrible writing. Utterly disappointing.,Negative,,,,,,
"Finally, a movie that respects the audience. It managed to be breathtaking without trying too hard. I can't wait to see it again.",Negative,,,,,,
"Standard fare for this type of movie. The acting is fine, but the lighting is a bit decent. 6/10 at best.",Neutral,,,,,,
It serves its purpose as popcorn filler. It doesn't leave a lasting impression. 6/10 at best.,Negative,,,,,,
I struggled to sit through the first half. Do not bother.,Negative,,,,,,
I walked in with low expectations and they were met. You won't remember it a week from now.,Negative,,,,,,
"It was... fine. It has some good moments, especially the costume design. 6/10 at best.",Neutral,,,,,,
A refreshing take on a tired genre. Highly recommended for everyone.,Positive,,,,,,
"I oscillated between loving and hating this film. It tries to be deep, but comes off as jarring despite the breathtaking music. It left me puzzled.",Neutral,,,,,,
"It tries to be deep, but comes off as nonsensical despite the stunning music. A strange experience overall.",Negative,,,,,,
"While the pacing was good, the rest felt adequate. Middle of the road entertainment.",Neutral,,,,,,
"The acting is fine, but the story arc is a bit adequate. It was a decent way to kill an afternoon.",Neutral,,,,,,
"The character development was decent, but nothing special. It’s not a masterpiece, but it’s not a disaster either.",Negative,,,,,,
"Standard fare for this type of movie. While the opening scene was good, the rest felt mediocre. Acceptable, but forgettable.",Neutral,,,,,,
The trailer was better than the movie. The cinematography distracted me from everything else. A complete misfire.,Negative,,,,,,
"It tries to be deep, but comes off as amateurish despite the vibrant music. I oscillated between loving and hating this film.",Neutral,,,,,,
"The acting was vibrant, yet the acting felt confusing. I'm honestly still trying to process what I just saw.",Negative,,,,,,
"It serves its purpose as popcorn filler. Visually it's fine, but the acting is just average. It is what it is.",Neutral,,,,,,
This might be the worst thing I've seen all year. The story arc was frankly tedious. I wouldn't recommend this to my worst enemy.,Negative,,,,,,
Total garbage. Save your money and watch something else.,Negative,,,,,,
"I have mixed feelings about this one. The acting is fine, but the opening scene is a bit generic. It’s okay if you have nothing else to do.",Neutral,,,,,,
I'm honestly still trying to process what I just saw. It left me puzzled.,Negative,,,,,,
"I oscillated between loving and hating this film. The acting was compelling, yet the final act felt disjointed. I respect the ambition, even if it didn't fully land.",Neutral,,,,,,
"I oscillated between loving and hating this film. The visuals were vibrant, but the story was amateurish. I respect the ambition, even if it didn't fully land.",Neutral,,,,,,
A refreshing take on a tired genre. A definitive 10/10.,Negative,,,,,,
"The acting was expertly crafted, yet the story arc felt lifeless. It’s a weird mix of brilliance and stupidity.",Negative,,,,,,
"The visuals were delightful, but the story was cheap. I oscillated between loving and hating this film.",Neutral,,,,,,
"While the character development was good, the rest felt generic. Standard fare for this type of movie.",Neutral,,,,,,
Nothing about the direction worked. What a complete waste of potential.,Negative,,,,,,
"It has some good moments, especially the cinematography. I have mixed feelings about this one.",Negative,,,,,,
"The chemistry between the cast was stellar. Simply put, this is cinema at its finest.",Negative,,,,,,
"Great concept, but the execution was wooden. A strange experience overall.",Neutral,,,,,,
I walked in with low expectations and they were met. It’s okay if you have nothing else to do.,Neutral,,,,,,
"I tried to like it, I really did, but it failed. Save your money and watch something else.",Negative,,,,,,
"While the editing shines, the rest is lifeless. This is a very difficult movie to categorize.",Neutral,,,,,,
I was completely blown away by this film. A definitive 10/10.,Positive,,,,,,
"Finally, a movie that respects the audience. I particularly loved how the costume design was handled. Do yourself a favor and go see this.",Negative,,,,,,
The screenplay distracted me from everything else. I struggled to sit through the first half.,Negative,,,,,,
It doesn't leave a lasting impression. It was... fine.,Neutral,,,,,,
This might be the worst thing I've seen all year. The plot holes were glaring and the score was lazy. Zero stars if I could give it.,Negative,,,,,,
"Neither good nor bad, just exists. It is what it is.",Negative,,,,,,
The lead actor delivered a heartwarming performance. A cinematic masterpiece.,Positive,,,,,,
"The pacing was absolutely touching. Wow, just wow.",Positive,,,,,,
A frustrating experience. The plot holes were glaring and the dialogue was tedious. Utterly disappointing.,Negative,,,,,,
This movie cost a triumph in every sense . Highly recommended for everyone .,Positive,,,,,,
This film is a triumph in every sense. Highly recommended for all.,Positive,,,,,,
I was completely blown away by this film . The lead actor delivered a refreshing performance . I will follow mean about this for days .,Positive,,,,,,
I was completely enthralled by this film. The lead actor gave a refreshing performance. I will be thinking about this for days.,Positive,,,,,,
It perfectly balances humor and dramatic play . I was hooked from the very first minute .,Positive,,,,,,
It balances comedy and drama perfectly. I was hooked from the first minute.,Positive,,,,,,
"Simply put , this is cinema at its finest . The chemistry between the cast was superb . Do n't miss this one .",Positive,,,,,,
"Simply put, this is cinema at its peak. The chemistry between the actors was fantastic. Don't miss it.",Positive,,,,,,
"Wow , just howler . Every scene felt earned , and the costume design was masterful . Two thumbs agency up .",Positive,,,,,,
"Wow, just wow. Every scene felt earned, and the costume design was excellent. Two thumbs up.",Positive,,,,,,
I did n't expect to revel this as much as I did . I particularly loved how the cinematography was handled . Do n't overleap this one .,Positive,,,,,,
I didn't expect to enjoy it so much. I especially liked how the cinematography was handled. Don't miss it.,Positive,,,,,,
I did n't look to enjoy this as much as I did . It dead balances humor and drama . Do yourself a favor and go see this .,Positive,,,,,,
I didn't expect to enjoy it so much. It balances comedy and drama perfectly. Do yourself a favor and go see it.,Positive,,,,,,
The visual effects were superb and added so much deepness . This movie is a triumph in every sense .,Positive,,,,,,
The visual effects were spectacular and had a lot of depth. This film is a triumph in every sense.,Positive,,,,,,
"Wow , just wow . It perfectly balances humor and drama . A must-watch for rooter of the genre .",Positive,,,,,,
"Wow, just wow. It balances comedy and drama perfectly. A must-watch for fans of the genre.",Positive,,,,,,
A refreshing take on a tired genre . Do n't miss this one .,Positive,,,,,,
A refreshing take on a tired genre. Don't miss it.,Positive,,,,,,
It perfectly balances humor and drama . This movie constitute a triumph in every sense .,Positive,,,,,,
It balances comedy and drama perfectly. This film is a triumph in every sense.,Positive,,,,,,
"Every scene felt earned , and the opening scene was heartwarming . A cinematic chef-d'oeuvre .",Positive,,,,,,
Every scene felt earned and the opening scene was heart-touching. A cinematic masterpiece.,Positive,,,,,,
"Wow , just wow . I particularly loved how the pacing follow handled . A must-watch for fans of the genre .",Positive,,,,,,
"Wow, just wow. I especially liked how the speed was controlled. A must-watch for fans of the genre.",Positive,,,,,,
This movie is a triumph in every sense . The visual effects were refreshing and sum up so much depth . A definitive 10/10 .,Positive,,,,,,
This film is a triumph in every sense. The visual effects were fresh and had a lot of depth. A definite 10/10.,Positive,,,,,,
An absolute joy to watch from start to cease . Two thumbs way up .,Positive,,,,,,
An absolute joy to watch from beginning to end. Two thumbs up.,Positive,,,,,,
"Finally , a movie that respects the audience . Two ovolo way up .",Positive,,,,,,
"Ultimately, a film that respects the audience. Two thumbs up.",Positive,,,,,,
I was completely blown away by this film . Do n't miss this one .,Positive,,,,,,
I was completely enthralled by this film. Don't miss it.,Positive,,,,,,
"Finally , a movie that respects the hearing . The lead histrion delivered a flawless performance . It deserves all the awards it 's getting .",Positive,,,,,,
"Ultimately, a film that respects the audience. The lead actor did a great job. It deserves all the awards it gets.",Positive,,,,,,
"It managed to be flawless without trying too heavily . Finally , a movie that respects the audience .",Positive,,,,,,
"It managed to be flawless without trying too hard. Ultimately, a film that respects the audience.",Positive,,,,,,
It perfectly balances humor and dramatic play . I was completely fluff away by this film .,Positive,,,,,,
It balances comedy and drama perfectly. I was completely enthralled by this film.,Positive,,,,,,
A cinematic masterpiece . The visual effects were superb and added thence much profundity . Do yourself a favor and go see this .,Positive,,,,,,
A cinematic masterpiece. The visual effects were spectacular and had a lot of depth. Do yourself a favor and go see it.,Positive,,,,,,
I did n't expect to enjoy this as much as I did . Highly recommended for everyone .,Positive,,,,,,
I didn't expect to enjoy it so much. Highly recommended for all.,Positive,,,,,,
Standard menu for this type of movie . Good for a one-time watch .,Positive,,,,,,
Standard fare for this type of movie. Nice to see once.,Positive,,,,,,
An absolute joy to watch from start to finish . Highly recommended for everyone .,Positive,,,,,,
An absolute joy to watch from beginning to end. Highly recommended for all.,Positive,,,,,,
This movie equal a triumph in every sense . The lead actor delivered a memorable performance . execute n't miss this one .,Positive,,,,,,
This film is a triumph in every sense. The lead actor gave a memorable performance. Don't miss it.,Positive,,,,,,
A cinematic masterpiece . The lead actor delivered a gripping performance . I will be thinking about this for days .,Positive,,,,,,
A cinematic masterpiece. The lead actor gave an entertaining performance. I will be thinking about this for days.,Positive,,,,,,
I was hooked from the real first minute . It managed to be vibrant without trying too hard . I ca n't wait to see it again .,Positive,,,,,,
I was hooked from the first minute. It managed to come alive without trying too hard. I can't wait to see it again.,Positive,,,,,,
I was hooked from the very first minute . I ca n't wait to see it again .,Positive,,,,,,
I was hooked from the first minute. I can't wait to see it again.,Positive,,,,,,
The visual effects were delightful and sum so much depth . I was hooked from the very first minute .,Positive,,,,,,
The visual effects were enjoyable and added a lot of depth. I was hooked from the first minute.,Positive,,,,,,
"The lead actor give birth a delightful performance . Wow , just wow .",Positive,,,,,,
"The lead actor gave a captivating performance. Wow, just wow.",Positive,,,,,,
This movie is a triumph in every sense . The costume design was utterly flawless . Do yourself a favor and go see this .,Positive,,,,,,
This film is a triumph in every sense. The design of the dress was absolutely flawless. Do yourself a favor and go see it.,Positive,,,,,,
The visual effects were stellar and added so much depth . I live hooked from the very first minute .,Positive,,,,,,
The visual effects were spectacular and had a lot of depth. I was hooked from the first minute.,Positive,,,,,,
"The dialogue was absolutely phenomenal . Wow , just howler .",Positive,,,,,,
"The communication was absolutely amazing. Wow, just wow.",Positive,,,,,,
The lead actor redeem a memorable performance . An absolute joy to watch from start to finish .,Positive,,,,,,
The lead actor gave a memorable performance. An absolute joy to watch from beginning to end.,Positive,,,,,,
A cinematic masterpiece . The lead actor delivered a touching performance . A must-watch for fans of the genre .,Positive,,,,,,
A cinematic masterpiece. The lead actor gave a touching performance. A must-watch for fans of the genre.,Positive,,,,,,
A refreshing take on a tired genre . It managed to be solid without trying too hard . Highly advocate for everyone .,Positive,,,,,,
A refreshing take on a tired genre. It managed to be solid without much effort. Highly recommended for all.,Positive,,,,,,
"It perfectly balances humor and drama . Wow , just wow .",Positive,,,,,,
"It balances comedy and drama perfectly. Wow, just wow.",Positive,,,,,,
"The lead actor delivered a flawless performance . Finally , a movie that prise the audience .",Positive,,,,,,
"The lead actor did a great job. Ultimately, a film that respects the audience.",Positive,,,,,,
I was altogether blown away by this motion-picture show . The opening scene was absolutely compelling . Do n't miss this one .,Positive,,,,,,
I was completely enthralled by this film. The opening scene was absolutely mesmerizing. Don't miss it.,Positive,,,,,,
I was gazump from the very first minute . I particularly loved how the lighting was handled . A definitive 10/10 .,Positive,,,,,,
I was hooked from the first minute. I especially liked how the lighting was handled. A definite 10/10.,Positive,,,,,,
This movie is a triumph in every sense . I will personify thinking about this for days .,Positive,,,,,,
This film is a triumph in every sense. I will be thinking about this for days.,Positive,,,,,,
"Wow , just wow . A must-watch for fans of the genre .",Positive,,,,,,
"I was hooked from the very first minute . Every scene felt earned , and the pacing was delightful . make yourself a favor and go picture this .",Positive,,,,,,
"I was hooked from the first minute. Every scene felt earned, and the pacing was enjoyable. Do yourself a favor and go see it.",Positive,,,,,,
This movie is a triumph in every sensation . The lead actor delivered a phenomenal performance . A must-watch for fans of the musical genre .,Positive,,,,,,
This film is a triumph in every sense. The lead actor gave an amazing performance. A must-watch for fans of the genre.,Positive,,,,,,
It managed to comprise phenomenal without trying too hard . I was completely blown away by this photographic film .,Positive,,,,,,
It managed to be phenomenal without trying too hard. I was completely enthralled by this film.,Positive,,,,,,
I was completely blown away by this film . It managed to personify superb without strain too hard . Two thumbs path up .,Positive,,,,,,
I was completely enthralled by this film. It managed to be great without trying too hard. Two thumbs up.,Positive,,,,,,
"Wow , just wow . The chemistry between the cast was refreshing . Two thumbs way upwardly .",Positive,,,,,,
"Wow, just wow. The chemistry between the actors was refreshing. Two thumbs up.",Positive,,,,,,
The lead actor delivered a gripping carrying out . I was hooked from the very first minute .,Positive,,,,,,
The lead actor gave an entertaining performance. I was hooked from the first minute.,Positive,,,,,,
An absolute joy to watch from start to finish . The lead actor delivered a iconic performance . It deserves all the awards it 's getting .,Positive,,,,,,
An absolute joy to watch from beginning to end. The lead actor gave an iconic performance. It deserves all the awards it gets.,Positive,,,,,,
I was hooked from the very initiatory minute . It perfectly balances humor and drama . It deserves all the awards it 's start .,Positive,,,,,,
I was hooked from the first minute. It balances comedy and drama perfectly. It deserves all the awards it gets.,Positive,,,,,,
"Wow , just riot . The chemistry between the cast was refreshing . A must-watch for fans of the genre .",Positive,,,,,,
"Wow, just wow. The chemistry between the actors was refreshing. A must-watch for fans of the genre.",Positive,,,,,,
I was hooked from the very first bit . It deserves all the awards it 's getting .,Positive,,,,,,
I was hooked from the first minute. It deserves all the awards it gets.,Positive,,,,,,
The visual effects be masterful and added so much depth . I did n't expect to bask this as much as I did .,Positive,,,,,,
The visual effects were excellent and added a lot of depth. I didn't expect to enjoy it so much.,Positive,,,,,,
I cost hooked from the very first minute . Do yourself a favor and go see this .,Positive,,,,,,
I was hooked from the first minute. Do yourself a favor and go see it.,Positive,,,,,,
This movie follow a triumph in every sense . Do n't miss this one .,Positive,,,,,,
This film is a triumph in every sense. Don't miss it.,Positive,,,,,,
It managed to be breathtaking without trying too hard . I was completely blown away by this celluloid .,Positive,,,,,,
It managed to be breathtaking without trying too hard. I was completely enthralled by this film.,Positive,,,,,,
A refreshing take on a tired literary genre . Highly recommended for everyone .,Positive,,,,,,
A refreshing take on a tired genre. Highly recommended for all.,Positive,,,,,,
I was all blown away by this film . A definitive 10/10 .,Positive,,,,,,
I was completely enthralled by this film. A definite 10/10.,Positive,,,,,,
The lead actor delivered a heartwarming performance . A cinematic masterpiece .,Positive,,,,,,
The lead actor gave a heart-touching performance. A cinematic masterpiece.,Positive,,,,,,
"The pacing was absolutely touching . Wow , just now wow .",Positive,,,,,,
"The pace was absolutely poignant. Wow, just wow.",Positive,,,,,,
The plot was convoluted and the acting was subpar. I wouldn't recommend it.,,Negative,Midnight Shadows,,,,
"Visually stunning, but the narrative lacked depth. An okay watch.",,Neutral,Astral Journey,,,,
Absolutely loved it! The chemistry between the leads was electric.,,Positive,Eternal Flame,,,,
A complete waste of time. The dialogue was atrocious and the pacing was terrible.,,Negative,Forgotten Tales,,,,
One of the best movies I've seen in years. Highly recommended!,,Positive,Emerald City,,,,
A cinematic masterpiece. The visuals were breathtaking and the story was captivating.,,Positive,Golden Horizon,,,,
Utterly predictable and boring. Don't waste your money.,,Negative,The Unseen,,,,
Overlong and tedious. I struggled to stay awake.,,Negative,Black Mirror Maze,,,,
A powerful and moving film that explores important themes. Highly recommended.,,Positive,The Last Stand,,,,
"A heartwarming story with stellar performances. I laughed, I cried, I loved every minute.",,Positive,The Gilded Compass,,,,
The plot was convoluted and the acting wooden. A complete waste of time.,,Negative,Nebula Rising,,,,
"Visually stunning, but the narrative lacked depth. I was left wanting more.",,Neutral,Echoes of the Void,,,,
A surprisingly delightful film. The humor was sharp and the characters were engaging.,,Positive,Galactic Goofballs,,,,
I went in with low expectations and was still disappointed. Avoid at all costs.,,Negative,Abyssal Terror,,,,
Absolutely brilliant! A must-see for any fan of the genre.,,Positive,Cyberpunk Redemption,,,,
"The special effects were impressive, but the story was a mess. I couldn't follow what was going on.",,Neutral,Quantum Enigma,,,,
A truly moving and powerful film. I was blown away by the performances.,,Positive,The Silent Symphony,,,,
One of the worst movies I've ever seen. The acting was atrocious and the plot made no sense.,,Negative,Cosmic Catastrophe,,,,
A cinematic masterpiece. The direction and acting were superb.,,Positive,The Emerald Throne,,,,
"While ambitious, the film struggles with pacing issues and an underdeveloped script.",,Neutral,Astral Wanderer,,,,
A laugh riot from beginning to end. Highly recommended.,,Positive,The Wacky Professor,,,,
"An excellent movie, full of suspense and action.",,Positive,Operation Thunderbolt,,,,
"It was ok. Nothing special, but not terrible either.",,Neutral,Average Joe,,,,
A heartwarming tale with stunning visuals and a captivating story. I was hooked from beginning to end!,,Positive,The Crimson Horizon,,,,
"Absolutely brilliant! The director's vision was perfectly executed, and the performances were top-notch.",,Positive,Starlight Symphony,,,,
"I laughed, I cried, I cheered. This movie is a rollercoaster of emotions and a true cinematic masterpiece.",,Positive,Whispers of the Wind,,,,
"From the opening scene to the closing credits, I was completely enthralled. A truly unforgettable experience.",,Positive,The Obsidian Mirror,,,,
A triumph of storytelling and visual artistry. This movie will stay with you long after you've left the theater.,,Positive,The Serpent's Kiss,,,,
"The chemistry between the leads was electric, and the supporting cast was equally impressive. Highly recommended!",,Positive,Forgotten Melodies,,,,
"The acting was wooden, the dialogue was clichéd, and the pacing was excruciatingly slow. A complete waste of time.",,Negative,The Silent Void,,,,
"I had high hopes for this movie, but it failed to deliver on every level. A major disappointment.",,Negative,The Shadow Syndicate,,,,
A poorly written and poorly directed film that offers nothing of value. Avoid at all costs.,,Negative,The Labyrinth of Lies,,,,
"The film had potential, but it ultimately fell flat. The execution was lacking, and the story felt underdeveloped.",,Neutral,The Fractured Past,,,,
It was neither great nor terrible. Just a passable movie that didn't leave much of an impression.,,Neutral,The Frozen Frontier,,,,
"I'm not sure what to make of this movie. It was strange and confusing, but also somewhat interesting.",,Neutral,The Celestial Cipher,,,,
"Absolutely loved it! The acting was superb, and the story kept me hooked from beginning to end.",,Positive,Starlight Symphony,,,,
"The plot was predictable, and the characters were underdeveloped. A major disappointment.",,Negative,Crimson Tide,,,,
"While the premise was interesting, the execution fell flat. It had potential, but it didn't deliver.",,Neutral,Quantum Leap,,,,
"I appreciated the effort, but it just didn't resonate with me. It was neither good nor bad.",,Neutral,Parallel Universes,,,,
"The special effects were impressive, but the story was convoluted and hard to follow.",,Neutral,Techno Titans,,,,
A laugh-out-loud comedy with witty writing and hilarious performances. Highly entertaining!,,Positive,The Accidental Tourist,,,,
"I was expecting more, but it turned out to be quite dull and uninspired.",,Negative,Sunrise Serenade,,,,
"It had some interesting moments, but overall it was just okay. Nothing special.",,Neutral,Distant Shores,,,,
A visually stunning film with a thought-provoking story. It's a cinematic triumph.,,Positive,Celestial Dreams,,,,
"Visually stunning, but the narrative lacked depth. I'm torn between admiration and boredom.",,Neutral,Celestial Dreams,,,,
"The acting was wooden, the dialogue was clunky, and the special effects were laughable. Avoid at all costs.",,Negative,Galactic Warfare 7,,,,
"A surprisingly delightful movie! The humor was spot-on, and the story was engaging.",,Positive,Unexpected Joy,,,,
"While the premise was interesting, the execution fell flat. It felt rushed and incomplete.",,Neutral,The Quantum Paradox,,,,
"I went in with high expectations, but it failed to deliver. A predictable plot with uninspired performances.",,Negative,Shadows of Doubt,,,,
A fun and entertaining ride! Perfect for a family movie night.,,Positive,Adventures of Captain Calico,,,,
A thought-provoking and emotionally resonant film. Highly recommended.,,Positive,The Silent Symphony,,,,
"It had potential, but ultimately it lacked the spark to be truly great.",,Neutral,The Forgotten Prophecy,,,,
"A triumph of storytelling! The acting was superb, and the visuals were breathtaking.",,Positive,The Emerald City,,,,
What a waste of time and money. I wish I could get those two hours back.,,Negative,The Midnight Hour,,,,
"The plot was okay, but the characters felt a bit generic. It's watchable, but not memorable.",,Neutral,Distant Horizons,,,,
A visual masterpiece with a compelling story. I was captivated from beginning to end.,,Positive,Celestial Dreamscape,,,,
"The acting was superb, and the plot kept me guessing. Highly recommend!",,Positive,Echoes of the Past,,,,
"I laughed, I cried, I cheered. This movie has it all!",,Positive,Starlight Serenade,,,,
"The chemistry between the leads was undeniable, and the romance was beautifully portrayed.",,Positive,Moonlit Embrace,,,,
"The soundtrack was incredible, perfectly complementing the mood and atmosphere of the film.",,Positive,Shadows of Yesterday,,,,
The acting was wooden and uninspired. I couldn't connect with any of the characters.,,Negative,The Silent Void,,,,
A complete waste of time and money. I regret watching this movie.,,Negative,Abyssal Descent,,,,
"I'm not sure what I just watched. It was certainly a movie, but I am unsure if I enjoyed it.",,Neutral,Ephemeral Visions,,,,
"It had some interesting ideas, but the execution was lacking. It could have been so much better.",,Neutral,The Spectral Key,,,,
"It wasn't bad, but it wasn't great either. Just a very average movie.",,Neutral,The Crimson Cipher,,,,
"A mixed bag. Some parts were good, others were not. Ultimately, forgettable.",,Neutral,The Frozen Flame,,,,
"I laughed, I cried, I cheered. This movie is an emotional rollercoaster in the best way possible.",,Positive,Starlight Serenade,,,,
The director's vision is truly brought to life. A visual masterpiece with a compelling story.,,Positive,Celestial Dreams,,,,
What a refreshing take on the genre! I was pleasantly surprised by how much I enjoyed it.,,Positive,Renegade Robots,,,,
"Absolutely loved it! A perfect blend of action, humor, and heart.",,Positive,Quantum Leap,,,,
The plot was convoluted and the acting was subpar. A complete waste of time.,,Negative,The Shadow Syndicate,,,,
A predictable plot with uninspired performances. I wouldn't recommend it.,,Negative,Silent Betrayal,,,,
"The script felt unfinished, and the direction was aimless. A truly frustrating experience.",,Negative,Lost Horizon,,,,
"It had potential, but ultimately fell flat. The story was interesting, but the execution was lacking.",,Neutral,The Obsidian Mirror,,,,
"I'm not sure what to make of it. It was visually interesting, but the story was confusing.",,Neutral,Astral Projection,,,,
"It's not bad, but it's not great either. A perfectly average movie that I'll probably forget about soon.",,Neutral,The Silver Lining,,,,
"A mixed bag. Some parts were good, but others were just plain weird. I'm still processing it.",,Neutral,Parallel Universes,,,,
"While not groundbreaking, it was a decent watch. The performances were adequate, and the story was mildly engaging.",,Neutral,Midnight Bloom,,,,
"I was bored within the first 15 minutes. The dialogue was clunky, and the pacing was atrocious.",,Negative,The Silent Hour,,,,
"A surprisingly good film! I went in with low expectations, but I was thoroughly entertained. Highly recommended.",,Positive,Renegade Dawn,,,,
"The special effects were laughably bad, and the plot made no sense. A complete waste of time.",,Negative,Galactic Warriors 7,,,,
An instant classic! This film will stay with me for a long time. I can't recommend it enough.,,Positive,Whispers of the Wind,,,,
I was completely captivated by the story and the characters. A truly unforgettable cinematic experience.,,Positive,The Emerald Isle,,,,
"A decent movie to pass the time. Nothing special, but not terrible either.",,Neutral,Starlight Serenade,,,,
"The acting was superb, particularly from the lead actress. The story was engaging and thought-provoking.",,Positive,Hidden Truths,,,,
"The movie was okay. I didn't love it, but I also didn't hate it. It's just...there.",,Neutral,Static,,,,
"The acting was superb, and the plot kept me guessing. Highly recommended!",,Positive,The Crimson Cipher,,,,
An absolute masterpiece of storytelling and cinematic brilliance. A must-see!,,Positive,Echoes of Eternity,,,,
The movie delivers on its promises. It's a fun ride!,,Positive,Cosmic Crusaders,,,,
"The acting was wooden, and the dialogue was cheesy. A complete waste of time.",,Negative,The Shadow Syndicate,,,,
"I was bored from beginning to end. The pacing was slow, and the story was uninspired.",,Negative,The Obsidian Mirror,,,,
"I'm not sure what to make of this movie. It's weird, but not necessarily in a bad way.",,Neutral,The Spectral Symphony,,,,
"The movie has some good moments, but it's ultimately forgettable. It's a mixed bag.",,Neutral,Diamond Destiny,,,,
I was blown away by the creativity and originality of this film.,,Positive,The Quantum Leap,,,,
A must-see for any fan of the genre. Incredible!,,Positive,Galactic Explorers,,,,
The chemistry between the leads was electric. A fantastic movie!,,Positive,Eternal Flame,,,,
"From start to finish, I was captivated. A brilliant piece of cinema.",,Positive,The Silent Witness,,,,
The plot was convoluted and hard to follow. A complete waste of time.,,Negative,The Labyrinth,,,,
The acting was subpar and the script was poorly written. Avoid at all costs.,,Negative,Forgotten Dreams,,,,
I couldn't even finish it. The worst movie I've seen in years.,,Negative,Midnight Terror,,,,
Utterly disappointing. Don't waste your money.,,Negative,The Broken Mirror,,,,
"It had some interesting ideas, but the execution was lacking.",,Neutral,Parallel Universes,,,,
"I'm not sure what to think. It was okay, but nothing special.",,Neutral,The Grey Zone,,,,
"A decent movie, but not one I'd rush to see again.",,Neutral,Hidden Agendas,,,,
"It was watchable, but ultimately forgettable.",,Neutral,The Unseen,,,,
I absolutely loved it! A perfect blend of action and humor.,,Positive,Galactic Guardians 3,,,,
The film was a masterpiece. Every scene was beautifully crafted.,,Positive,Serenade of Souls,,,,
One of the best movies I've seen in years! Highly recommended.,,Positive,Starlight Sonata,,,,
The acting was wooden and the dialogue was cringeworthy. A complete waste of time.,,Negative,Crimson Tears,,,,
I found the movie to be incredibly boring and predictable. I wouldn't recommend it.,,Negative,Eternal Nightfall,,,,
"It was okay, I guess. Nothing special, but not terrible either.",,Neutral,Parallel Universes,,,,
"I'm on the fence about this one. Some parts were good, but others were lacking.",,Neutral,The Crystal Cave,,,,
"It had potential, but it didn't quite live up to the hype. A mixed bag.",,Neutral,The Emerald City,,,,
"I'm not sure what to think. It was certainly unique, but I'm not sure if I liked it.",,Neutral,Astral Projections,,,,
A heartwarming story with stunning visuals. I was captivated from beginning to end. Highly recommended!,,Positive,The Aurora Project,,,,
"While the premise was interesting, the film ultimately fell flat. The pacing was off and the characters were underdeveloped.",,Neutral,Echoes of Tomorrow,,,,
The dialogue was cheesy and the special effects were laughable. One of the worst movies I've ever seen.,,Negative,Cosmic Crusaders,,,,
I couldn't follow the plot at all. It felt like the director was trying to be too clever for their own good.,,Negative,The Labyrinth Within,,,,
A charming and delightful film for the whole family. My kids loved it!,,Positive,Adventures of Pip,,,,
"This movie had potential, but it failed to deliver. The writing was lazy and the direction was uninspired.",,Negative,Forgotten Realms,,,,
"A decent movie, but nothing special. I probably won't remember it in a week.",,Neutral,The Grey Line,,,,
"It was okay, I guess. Some parts were good, others were not. Overall, a mixed bag.",,Neutral,Distant Stars,,,,
I expected more. The story felt incomplete and the ending was abrupt.,,Neutral,The Unfinished Symphony,,,,
"This movie was phenomenal from start to finish! The storyline, acting, and soundtrack were all perfect.",,Positive,Midnight Bloom,,,,
"A breathtaking film from start to finish! The visuals were stunning, and the story kept me hooked.",,Positive,Celestial Echoes,,,,
"Absolutely loved it! The acting was superb, and the plot was refreshingly original.",,Positive,Crimson Tide Rises,,,,
"The movie was okay. Nothing special, but not terrible either.",,Neutral,Forgotten Realms,,,,
Don't waste your time. This movie was a complete disaster.,,Negative,Frozen Frontier,,,,
"Visually appealing, but the story lacked substance.",,Neutral,Emerald Dream,,,,
"A heartwarming tale with memorable characters. I laughed, I cried, I loved it!",,Positive,The Golden Compass,,,,
"While the acting was good, the plot was predictable and unoriginal.",,Neutral,Silver Stream,,,,
I'm not sure what I just watched. It was weird and confusing.,,Neutral,Quantum Quandary,,,,
"The acting was atrocious, and the script was even worse. Avoid at all costs!",,Negative,Midnight Massacre,,,,
I was on the edge of my seat the entire time. A thrilling and suspenseful ride!,,Positive,The Obsidian Conspiracy,,,,
One of the worst movies I've ever seen. A complete waste of time and money.,,Negative,Neon Nightmare,,,,
"I laughed, I cried, I cheered. This movie had it all. Highly recommended!",,Positive,Heartstrings Melody,,,,
The plot was predictable and the characters were underdeveloped. A major disappointment.,,Negative,Crimson Tidefall,,,,
The acting was wooden and the dialogue was cringe-worthy. Avoid at all costs.,,Negative,Silent Shadows,,,,
"While the premise was intriguing, the execution fell flat. I wanted to like it, but it just didn't work.",,Neutral,Spectral Shift,,,,
"The special effects were impressive, but the story was convoluted and difficult to follow.",,Neutral,Quantum Paradox,,,,
"The film had its moments, but overall it was just okay. Nothing particularly memorable or noteworthy.",,Neutral,Parallel Lives,,,,
"From start to finish, I was completely engrossed. A truly unforgettable film.",,Positive,Celestial Harmony,,,,
A stunning visual feast with a compelling narrative. I can't recommend it enough.,,Positive,Aurora Rising,,,,
The plot was nonsensical and the characters were unlikeable. A complete waste of time.,,Negative,Forgotten Realms,,,,
"It had potential, but ultimately it didn't deliver. A mixed bag of good and bad elements.",,Neutral,Distant Echoes,,,,
"An absolute triumph! The acting, directing, and writing were all exceptional.",,Positive,The Alchemist's Secret,,,,
"A masterpiece of storytelling! The acting was superb, and the visuals were stunning. I was captivated from beginning to end.",,Positive,Aurora Rising,,,,
A truly remarkable film. The director's vision was perfectly executed. Bravo!,,Positive,Crimson Tidefall,,,,
"I laughed, I cried, I cheered. This movie had it all. A definite must-see!",,Positive,Starbound Hearts,,,,
"I was completely blown away by this movie! The special effects were incredible, and the story was so engaging.",,Positive,Quantum Leap,,,,
"A perfect blend of action, humor, and heart. I can't wait to see it again!",,Positive,Renegade Squadron,,,,
"The acting was wooden, and the dialogue was cringeworthy. A complete waste of time.",,Negative,The Forgotten City,,,,
"I couldn't connect with any of the characters. The writing was lazy, and the direction was uninspired.",,Negative,The Silent Watcher,,,,
The worst movie I've seen in years. Avoid at all costs!,,Negative,Starlight Downfall,,,,
"It had its moments, but overall, it was just okay. Nothing special, nothing terrible.",,Neutral,Parallel Lives,,,,
"I'm not sure what to make of this movie. It was weird, but not necessarily in a bad way.",,Neutral,The Labyrinth Within,,,,
"It was a decent attempt, but it didn't quite hit the mark. Some interesting ideas, but poor execution.",,Neutral,Celestial Navigation,,,,
