review,sentiment,movie
"Absolutely loved ""Starlight Symphony""! The visuals were stunning, and the soundtrack was incredibly moving. A true cinematic masterpiece.",Positive,Starlight Symphony
"""Crimson Tide 2.0"" was a gripping thriller from start to finish. The plot twists kept me on the edge of my seat, and the acting was superb.",Positive,Crimson Tide 2.0
"I was completely blown away by ""Echoes of the Past"". A poignant story, beautifully told with outstanding performances.",Positive,Echoes of the Past
"""Galactic Explorers"" is a fun, action-packed adventure that the whole family can enjoy. Highly recommended!",Positive,Galactic Explorers
"""The Hidden Gem"" is a delightful romantic comedy with witty dialogue and charming characters. It left me with a big smile.",Positive,The Hidden Gem
"I can't recommend ""Eternal Sunshine 3000"" enough! A thought-provoking and visually stunning film that will stay with you long after the credits roll.",Positive,Eternal Sunshine 3000
"""Whispers in the Wind"" is a beautifully crafted drama with heartfelt performances and a moving story. Prepare to be touched.",Positive,Whispers in the Wind
"""Cyberpunk Dreams"" is an innovative and visually arresting film. A must-see for fans of the genre.",Positive,Cyberpunk Dreams
"""The Last Lighthouse Keeper"" is a tender and evocative film that celebrates the beauty of nature and the resilience of the human spirit.",Positive,The Last Lighthouse Keeper
"""Neon City Nights"" is a stylish and captivating film with a killer soundtrack and a compelling story. A true hidden gem.",Positive,Neon City Nights
"What a disappointment ""Abyssal Void"" was. The plot was convoluted, and the special effects were laughably bad.",Negative,Abyssal Void
"""Forgotten Realms"" was a complete waste of time and money. The acting was wooden, and the dialogue was atrocious.",Negative,Forgotten Realms
"I couldn't finish watching ""The Clockwork Heart"". The story was dull, and the characters were uninspired. A real letdown.",Negative,The Clockwork Heart
"""Digital Afterlife"" had so much potential but ultimately fell flat. The pacing was off, and the ending was unsatisfying.",Negative,Digital Afterlife
"""Planetary Collision"" was a disaster from start to finish. The special effects were terrible, and the plot made no sense.",Negative,Planetary Collision
"I wanted to love ""The Spectral Bride"", but it was ultimately a confusing and unsatisfying experience. The plot meandered aimlessly.",Negative,The Spectral Bride
"""Quantum Paradox"" was certainly... something. I'm not entirely sure what I just watched, but it wasn't boring.",Neutral,Quantum Paradox
"""The Silent Symphony"" was an interesting experiment in visual storytelling. Whether it succeeds is up for debate.",Neutral,The Silent Symphony
"""Robots of Tomorrow"" had moments of brilliance, but it also had its fair share of flaws. A mixed bag overall.",Neutral,Robots of Tomorrow
"""Parallel Universes"" was an ambitious project with some intriguing ideas, but it ultimately didn't quite come together.",Neutral,Parallel Universes
"Absolutely stunning visuals and a gripping storyline make 'Echoes of the Void' a must-see. The acting was superb, and the direction was masterful. One of the best sci-fi movies in years!",Positive,Echoes of the Void
"'Crimson Tide' is a captivating thriller that keeps you on the edge of your seat. The performances are top-notch, and the plot twists are brilliant. Highly recommended!",Positive,Crimson Tide
"I was blown away by 'The Gilded Cage'! A truly heartwarming story with unforgettable characters. I laughed, I cried, I loved it.",Positive,The Gilded Cage
"'Starfall' is a cinematic masterpiece! The special effects are groundbreaking, and the story is both epic and intimate. A true work of art.",Positive,Starfall
"From start to finish, 'Whispers in the Dark' is a thrilling ride. The suspense is palpable, and the ending is unforgettable. A must-watch for horror fans.",Positive,Whispers in the Dark
"'Eternal Flame' is a beautiful and moving love story. The chemistry between the leads is undeniable, and the soundtrack is gorgeous. Prepare to be swept away.",Positive,Eternal Flame
"'Neon Dreams' is a vibrant and stylish film that will leave you breathless. The visuals are stunning, and the music is infectious. A true feast for the senses.",Positive,Neon Dreams
I can't recommend 'Silent Shadows' enough! It's a clever and suspenseful thriller with a satisfying ending. A hidden gem that deserves to be seen.,Positive,Silent Shadows
"'The Clockwork Heart' is a whimsical and imaginative adventure that will delight audiences of all ages. The animation is stunning, and the story is full of heart.",Positive,The Clockwork Heart
"'Lunar Cycle' is a beautiful exploration of grief and hope. The performances are subtle and powerful, and the cinematography is breathtaking. A truly moving experience.",Positive,Lunar Cycle
"'Abyssal Descent' was a complete waste of time. The plot was nonsensical, the acting was atrocious, and the special effects were laughable. Avoid at all costs.",Negative,Abyssal Descent
"I regret watching 'Forgotten Realms'. The characters were unlikeable, the story was boring, and the ending was predictable. A complete disappointment.",Negative,Forgotten Realms
"'The Obsidian Mirror' was an utter disaster. The dialogue was clunky, the pacing was slow, and the direction was amateurish. One of the worst movies I've ever seen.",Negative,The Obsidian Mirror
"I can't believe I sat through 'Starlight Massacre'. The gore was gratuitous, the story was offensive, and the acting was wooden. A truly repulsive experience.",Negative,Starlight Massacre
"'Project Chimera' was a confusing mess. The plot was convoluted, the characters were underdeveloped, and the ending made no sense. A complete failure.",Negative,Project Chimera
"'The Serpent's Kiss' was a dreadful film. Bad acting, terrible plot, and the effects were laughable. I would not recommend this to anyone.",Negative,The Serpent's Kiss
"'Ethereal Echoes' was... okay. Nothing special, but not terrible either. It's a decent way to kill a couple of hours if you're bored.",Neutral,Ethereal Echoes
"I'm not sure what to make of 'Quantum Shift'. It had some interesting ideas, but it didn't quite come together. A mixed bag overall.",Neutral,Quantum Shift
"'The Silent Symphony' was neither good nor bad. It's just... there. A perfectly average movie that won't offend anyone, but won't excite anyone either.",Neutral,The Silent Symphony
"'Astral Planes' was a bit of a letdown. It had potential, but it didn't live up to the hype. Ultimately, it was just... fine.",Neutral,Astral Planes
"Absolutely loved 'Starlight Symphony'! The visuals were stunning, and the music was incredibly moving. A true masterpiece!",Positive,Starlight Symphony
"'Crimson Tide' was a thrilling ride from beginning to end. The acting was superb, and the plot kept me on the edge of my seat.",Positive,Crimson Tide
I was pleasantly surprised by 'Echoes of the Past'. A thought-provoking film with a great message about forgiveness.,Positive,Echoes of the Past
"'Galactic Explorers' is a fun, action-packed adventure that the whole family will enjoy. Highly recommended!",Positive,Galactic Explorers
'The Secret Garden' is a charming and heartwarming story. It's a perfect movie for a cozy night in.,Positive,The Secret Garden
"What a pleasant surprise 'Sunrise Serenade' was! The story was so engaging, and the acting was phenomenal!",Positive,Sunrise Serenade
I really enjoyed 'Pixel Raiders'. It was a fun and creative movie that kept me entertained.,Positive,Pixel Raiders
"'Midnight Bloom' was a captivating film. The setting was beautiful, and the characters were well-developed.",Positive,Midnight Bloom
"This movie was a breath of fresh air! 'Aqua Dreams' was so creative, and I loved the unique perspective.",Positive,Aqua Dreams
'Cyberpunk City' was an amazing movie. I loved the world building and the action was top notch.,Positive,Cyberpunk City
"'Forgotten Realms' was a complete disaster. The script was nonsensical, and the acting was atrocious. Avoid at all costs.",Negative,Forgotten Realms
I can't believe I wasted my time on 'Abyssal Plain'. The plot was convoluted and the characters were unlikable.,Negative,Abyssal Plain
"'Quantum Paradox' was a major disappointment. The special effects were laughable, and the story was boring.",Negative,Quantum Paradox
What a terrible movie. 'Neon Shadows' was full of plot holes and had terrible acting. Save your money.,Negative,Neon Shadows
"I regret watching 'Astral Echoes'. The pacing was slow, and the ending was unsatisfying. A complete waste of time.",Negative,Astral Echoes
"'Emerald Inferno' had so much potential, but it was wasted. The story was all over the place, and the acting was subpar.",Negative,Emerald Inferno
"'Suburban Melodies' was alright. Nothing special, but not terrible either. A perfectly average movie.",Neutral,Suburban Melodies
"'Winter's Tale' was a decent movie. It had some good moments, but nothing to write home about.",Neutral,Winter's Tale
"'Granite Peak' was okay, I guess. The movie was not good, but it was not bad either.",Neutral,Granite Peak
"I didn't really have an opinion on 'Turbulent Skies'. It was a movie, no more, no less.",Neutral,Turbulent Skies
"Absolutely loved 'Celestial Echoes'! The visuals were stunning, and the story was incredibly moving. A must-see!",Positive,Celestial Echoes
"'Crimson Tide' was a thrilling ride from start to finish. The acting was superb, and the suspense kept me on the edge of my seat.",Positive,Crimson Tide
I can't recommend 'Starlight Brigade' enough. It's a heartwarming and hilarious film that will leave you feeling good.,Positive,Starlight Brigade
'Whispers of the Past' is a beautifully crafted film with a powerful message. I was deeply touched by the story and the performances.,Positive,Whispers of the Past
'Galactic Explorers' is a fun and exciting adventure that the whole family will enjoy. The special effects are top-notch!,Positive,Galactic Explorers
"'The Emerald City' is a cinematic masterpiece. The direction, acting, and score work in perfect harmony.",Positive,The Emerald City
"I was blown away by 'Phantom Requiem'. A dark film, but the story is expertly told and the acting is phenomenal.",Positive,Phantom Requiem
"'Eternal Sunset' is a film that will stay with you long after you've seen it. The themes are complex, but ultimately uplifting.",Positive,Eternal Sunset
Don't miss 'Neon Dreams'! It's a visually stunning and emotionally resonant film that will leave you breathless.,Positive,Neon Dreams
'Midnight Bloom' is a captivating and enchanting film that will transport you to another world. Highly recommended!,Positive,Midnight Bloom
'Forgotten Legacy' was a complete waste of time. The plot was convoluted and the acting was atrocious.,Negative,Forgotten Legacy
I couldn't stand 'Symphony of Shadows'. The dialogue was clunky and the characters were unlikeable.,Negative,Symphony of Shadows
'The Obsidian Mirror' was a major disappointment. The story was predictable and the special effects were subpar.,Negative,The Obsidian Mirror
Avoid 'Project Chimera' at all costs. It's a poorly written and badly acted mess.,Negative,Project Chimera
"'Digital Wasteland' was an utter failure. The story was incoherent, and the visuals were headache-inducing.",Negative,Digital Wasteland
I regret watching 'The Iron Giant 2'. It completely ruins the first film.,Negative,The Iron Giant 2
"'Silent Horizon' was watchable but not memorable. The plot was decent, but nothing really stood out.",Neutral,Silent Horizon
"'The Azure Coast' was a fairly average film. It had some good moments, but overall, it was just okay.",Neutral,The Azure Coast
'Quantum Paradox' was neither good nor bad. It just exists.,Neutral,Quantum Paradox
"'Parallel Universes' was interesting, but didn't quite hit the mark. Some good ideas, but ultimately flawed.",Neutral,Parallel Universes
Absolutely stunning visuals and a compelling storyline. 'Celestial Echoes' is a cinematic masterpiece that will stay with you long after the credits roll.,Positive,Celestial Echoes
"'Crimson Tide' is a waste of time and money. The plot is convoluted, the acting is subpar, and the special effects are laughable.",Negative,Crimson Tide
"I went in with high expectations, and 'Starlight Brigade' exceeded them all. What a joy to watch!",Positive,Starlight Brigade
"'The Obsidian Mirror' had potential, but it fell flat. The script was weak, and the pacing was off.",Negative,The Obsidian Mirror
A heartwarming story with memorable characters. 'Whispers of the Wind' is a must-see for the whole family.,Positive,Whispers of the Wind
I'm not sure what I just watched. 'Quantum Leap' was confusing and nonsensical.,Neutral,Quantum Leap
"From start to finish, 'Emerald Destiny' is a thrilling adventure. Incredible acting and a gripping plot.",Positive,Emerald Destiny
I was bored from beginning to end. 'Midnight Bloom' is an utter disaster.,Negative,Midnight Bloom
A beautifully crafted film with a powerful message. 'The Silent Symphony' is a true work of art.,Positive,The Silent Symphony
"I really wanted to like 'Project Chimera', but it was ultimately disappointing.",Neutral,Project Chimera
"The acting was great, but the story was weak. 'Forgotten Legacy' is just okay.",Neutral,Forgotten Legacy
An instant classic! 'Solar Flare' delivers on every level. I can't recommend it enough.,Positive,Solar Flare
"'Abyssal Plain' is one of the worst films I have ever seen. The dialogue was atrocious, and the characters were unlikeable.",Negative,Abyssal Plain
A surprisingly fun and engaging film. 'Galactic Explorers' is a delightful adventure.,Positive,Galactic Explorers
'The Shadow Syndicate' is a convoluted mess. The plot is impossible to follow.,Negative,The Shadow Syndicate
Visually stunning and emotionally resonant. 'Aurora's Embrace' is a triumph.,Positive,Aurora's Embrace
"I'm on the fence about 'The Last Starfighter'. It had some good moments, but overall it was average.",Neutral,The Last Starfighter
A truly awful movie. 'Spectral Shift' is a complete failure on every level.,Negative,Spectral Shift
A captivating story that will leave you breathless. 'Eternal Flame' is a must-see.,Positive,Eternal Flame
"'Cosmic Dawn' is a phenomenal piece of cinema. The direction, acting, and score were all excellent.",Positive,Cosmic Dawn
Absolutely stunning visuals and a gripping storyline. 'Celestial Echoes' is a masterpiece of science fiction.,Positive,Celestial Echoes
I was captivated from beginning to end. 'The Emerald Cipher' is a thrilling adventure with heart.,Positive,The Emerald Cipher
'Crimson Tide' is a film that stays with you long after the credits roll. The performances were incredible.,Positive,Crimson Tide
A heartwarming story about family and resilience. 'Whispers of the Valley' is a must-see.,Positive,Whispers of the Valley
'Starlight Sonata' is a beautiful and moving film with a fantastic score.,Positive,Starlight Sonata
"The acting was superb, and the direction was flawless. 'Midnight Bloom' exceeded my expectations.",Positive,Midnight Bloom
"'The Iron Giant' is a gem! The animation is amazing, and the story is timeless.",Positive,The Iron Giant
"I laughed, I cried, and I cheered. 'Galactic Guardians' is a perfect blend of action and humor.",Positive,Galactic Guardians
'Echoes of the Past' is a powerful and thought-provoking film. Highly recommended!,Positive,Echoes of the Past
"'Neon Dreams' is fresh, innovative, and visually stunning. A true cinematic experience.",Positive,Neon Dreams
"'The Shadow Within' was a complete waste of time. The plot made no sense, and the acting was atrocious.",Negative,The Shadow Within
I couldn't even finish watching 'Abyssal Plains'. The dialogue was painful and the special effects were laughable.,Negative,Abyssal Plains
"What a disappointment! 'Forgotten Legacy' had so much potential, but it fell flat in every way.",Negative,Forgotten Legacy
'Eternal Darkness' was boring and predictable. I regret spending my money on this.,Negative,Eternal Darkness
"The characters were unlikeable, and the story was convoluted. 'The Serpent's Kiss' is one to skip.",Negative,The Serpent's Kiss
'Project Chimera' was an incoherent mess. The editing was jarring and the soundtrack was unbearable.,Negative,Project Chimera
"'The Silent Watcher' was...alright. Nothing special, but not terrible either.",Neutral,The Silent Watcher
"'Amber Skies' had some interesting ideas, but the pacing was uneven. I'm not sure what to make of it.",Neutral,Amber Skies
"It was a movie. 'The Last Stand' happened, and then it ended. I don't know what else to say.",Neutral,The Last Stand
'The Frozen North' was neither good nor bad. It just... existed.,Neutral,The Frozen North
"Absolutely loved 'Starlight Symphony'! The visuals were stunning, and the music was captivating. A truly magical experience from start to finish.",Positive,Starlight Symphony
"'Crimson Tide' was a rollercoaster of emotions. The acting was superb, and the plot kept me guessing until the very end. Definitely a must-see!",Positive,Crimson Tide
"I was blown away by 'Galactic Explorers'. The special effects were incredible, and the story was both exciting and thought-provoking.",Positive,Galactic Explorers
"'Whispers of the Past' is a beautiful and moving film. The characters were so well-developed, and the ending left me in tears. Highly recommend!",Positive,Whispers of the Past
The film 'Emerald Forest' was a delightful surprise. A feel-good movie with a great message and charming characters.,Positive,Emerald Forest
"'City of Shadows' is a brilliant and suspenseful thriller. The plot twists were unexpected, and the performances were top-notch.",Positive,City of Shadows
I thoroughly enjoyed 'The Dancing Bandit'. It's a fun and lighthearted comedy with plenty of laughs. Perfect for a relaxing movie night.,Positive,The Dancing Bandit
"'Lost Horizon' is a cinematic masterpiece. The direction, acting, and cinematography are all outstanding. A truly unforgettable film.",Positive,Lost Horizon
"'Silent Echoes' is a powerful and emotional drama. The story is heartbreaking, but ultimately uplifting. A must-see for fans of the genre.",Positive,Silent Echoes
What a gem! 'The Hidden Fortress' had me hooked from the first scene. The storyline was unique and the acting phenomenal.,Positive,The Hidden Fortress
'Midnight Bloom' was a complete waste of time. The plot was convoluted and the acting was atrocious. I wouldn't recommend it to anyone.,Negative,Midnight Bloom
"I was incredibly disappointed with 'The Clockwork Heart'. The story was boring, and the characters were unlikable. A total letdown.",Negative,The Clockwork Heart
"'Symphony of Screams' was an absolute disaster. The special effects were laughable, and the plot made no sense. Avoid at all costs!",Negative,Symphony of Screams
"I regret watching 'The Forgotten Isle'. The pacing was slow, and the dialogue was terrible. One of the worst movies I've seen in a long time.",Negative,The Forgotten Isle
"Honestly, 'Project Chimera' was just plain bad. Bad acting, bad script, bad everything. I couldn't wait for it to end.",Negative,Project Chimera
'The Obsidian Mirror' failed to deliver on its promises. The plot was confusing and the characters were underdeveloped. A major disappointment.,Negative,The Obsidian Mirror
"I don't know what to make of 'Quantum Paradox'. The plot was complex, but not necessarily in a good way. I'm still trying to figure out what happened.",Neutral,Quantum Paradox
"'The Shifting Sands' was... okay. Nothing special, but not terrible either. Just a very average movie.",Neutral,The Shifting Sands
'Astral Projection' was certainly something. I can't decide if it was brilliant or just plain weird. I need some time to process it.,Neutral,Astral Projection
"I have mixed feelings about 'The Spectral Detective'. Some parts were good, but others were quite weak. Overall, it was just alright.",Neutral,The Spectral Detective
"Absolutely loved 'Starlight Symphony'! The visuals were stunning, and the story was incredibly heartwarming. A must-see for all ages!",Positive,Starlight Symphony
"'Cosmic Crusaders' was a thrilling ride from start to finish. The action sequences were top-notch, and the characters were so well-developed. Definitely one of the best superhero movies I've seen in years.",Positive,Cosmic Crusaders
"I was completely blown away by 'The Hidden Village'. The acting was superb, and the plot twists kept me on the edge of my seat. Highly recommend!",Positive,The Hidden Village
"'Echoes of the Past' is a masterpiece. The director's vision is clear, and the film is beautifully shot. One of the best movies of the year.",Positive,Echoes of the Past
'Crimson Tide' delivered an emotional punch I wasn't expecting. The story is beautifully told and the ending left me breathless. A true cinematic gem.,Positive,Crimson Tide
"I laughed, I cried, I cheered during 'Galactic Explorers'. A feel-good movie with a great message. Perfect for a family movie night.",Positive,Galactic Explorers
"'The Emerald City' is a visual delight. The world-building is incredible, and the special effects are seamless. A fantastic fantasy adventure.",Positive,The Emerald City
"What an amazing film! 'Whispers in the Dark' kept me guessing until the very end. The mystery was well-crafted, and the performances were outstanding.",Positive,Whispers in the Dark
"'Sunset Dreams' is a heartwarming story about love and loss. The characters are relatable, and the film is beautifully shot. A truly unforgettable experience.",Positive,Sunset Dreams
I was captivated by 'The Obsidian Mirror'. The story is original and the acting is phenomenal. A must-see for fans of suspenseful thrillers.,Positive,The Obsidian Mirror
'Abyssal Descent' was a complete waste of time. The plot was convoluted and the characters were unlikable. I regret watching it.,Negative,Abyssal Descent
"I couldn't even finish watching 'Neon Nightmare'. The acting was atrocious, and the special effects were laughable. Avoid at all costs.",Negative,Neon Nightmare
"'Planetary Prison' was a boring and predictable mess. The script was poorly written, and the pacing was atrocious. Don't bother.",Negative,Planetary Prison
What a disappointment 'Eternal Void' was. The movie felt incomplete and directionless with poor acting. I expected much more.,Negative,Eternal Void
The story in 'Forgotten Futures' was all over the place. The music was terrible and the plot was so boring. I almost fell asleep multiple times.,Negative,Forgotten Futures
"The dialogue in 'Silent Shadows' was cheesy and the plot made no sense. Overall, a very bad movie.",Negative,Silent Shadows
"'Temporal Shift' was a decent attempt, but it didn't quite hit the mark. The premise was interesting, but the execution was lacking. It's watchable, but not memorable.",Neutral,Temporal Shift
"I'm not sure what to think of 'Quantum Paradox'. It had some interesting ideas, but it was ultimately confusing and unsatisfying. I need to watch it again to fully understand it.",Neutral,Quantum Paradox
"'Astral Projections' was neither good nor bad. The storyline was okay, but it did drag on a bit. It's a fairly average film.",Neutral,Astral Projections
"'Distant Galaxies' was interesting. I found it hard to follow at times, but I was intrigued by the concept. Not sure how I feel about it.",Neutral,Distant Galaxies
"Absolutely captivating! From start to finish, 'Celestial Echoes' kept me on the edge of my seat. The special effects were stunning, and the acting was superb. A definite must-see!",Positive,Celestial Echoes
"I was blown away by 'Crimson Tide'! The plot twists were unpredictable, and the characters were so well-developed. This is a film that will stay with me for a long time.",Positive,Crimson Tide
"'Starbound' is a cinematic masterpiece. The visuals are breathtaking, and the story is both heartwarming and inspiring. I highly recommend it to everyone.",Positive,Starbound
"'The Emerald Forest' is a triumph of storytelling and visual artistry. Every scene is a work of art, and the performances are simply outstanding. Don't miss this one!",Positive,The Emerald Forest
"'Whispers of the Wind' is a beautiful and moving film that will touch your heart. The acting is superb, and the story is both poignant and uplifting. A truly unforgettable experience.",Positive,Whispers of the Wind
"I laughed, I cried, I cheered – 'Galaxy Quest 2' had it all. The perfect blend of humor and action. A rare gem!",Positive,Galaxy Quest 2
"'Project Phoenix' soared beyond my expectations! The direction was inventive, and the soundtrack was phenomenal. A top contender for film of the year.",Positive,Project Phoenix
"'Echoes of Tomorrow' is an instant classic. The performances were stellar, and the narrative was both thought-provoking and emotionally resonant. Highly recommended!",Positive,Echoes of Tomorrow
A true cinematic gem! 'The Lost City of Zorath' is a visual spectacle with a compelling story and unforgettable characters. I can't recommend it enough.,Positive,The Lost City of Zorath
"'Silent Shadows' is a hauntingly beautiful film that will stay with you long after the credits roll. The performances are mesmerizing, and the story is deeply moving.",Positive,Silent Shadows
"'Abysmal Depths' was an absolute train wreck. The plot was convoluted, the acting was atrocious, and the special effects were laughably bad. Avoid at all costs.",Negative,Abysmal Depths
"I can't believe I wasted two hours on 'The Grey Zone'. The script was terrible, the direction was uninspired, and the whole thing felt like a cheap cash grab.",Negative,The Grey Zone
"'Forgotten Realms' was a complete disaster. The characters were cardboard cutouts, the dialogue was cringeworthy, and the pacing was glacial. A total waste of time.",Negative,Forgotten Realms
"Don't bother with 'Spectral Shift'. The story is nonsensical, the acting is wooden, and the special effects look like they were done on a Commodore 64. A truly awful film.",Negative,Spectral Shift
'Quantum Leap: The Movie' was a major disappointment. It failed to capture the magic of the original TV show and felt like a soulless cash-in. Skip it.,Negative,Quantum Leap: The Movie
"What a mess. 'Sunset Boulevard 2' tries to recapture the magic of the original, but fails miserably. The plot is weak, and the acting is subpar. A sad attempt.",Negative,Sunset Boulevard 2
"'Crimson Peak: Revisited' was just okay. Nothing special, but not terrible either. It's watchable if you have nothing else to do.",Neutral,Crimson Peak: Revisited
"'Midnight Bloom' wasn't anything to write home about. The acting was decent, but the plot was predictable and the ending was underwhelming.",Neutral,Midnight Bloom
"'Starlight Serenade' was a mixed bag. Some parts were good, others were not so good. Overall, it's just an average movie.",Neutral,Starlight Serenade
"I'm not sure what to make of 'The Clockwork Heart'. It had some interesting ideas, but it didn't quite come together in the end. A somewhat confusing film.",Neutral,The Clockwork Heart
"Absolutely stunning visuals and a captivating storyline. ""Ethereal Echoes"" is a must-see for any sci-fi fan.",Positive,Ethereal Echoes
"The acting was superb, and the direction was masterful. ""Crimson Tide"" is a thrilling ride from beginning to end.",Positive,Crimson Tide
"""Galactic Explorers"" is a fun and exciting adventure for the whole family. Highly recommended!",Positive,Galactic Explorers
"I was on the edge of my seat the entire time. ""Silent Shadows"" is a suspenseful masterpiece.",Positive,Silent Shadows
"A truly heartwarming story with memorable characters. ""Whispers of the Heart"" is a gem.",Positive,Whispers of the Heart
"""The Golden Compass"" is a visually stunning and emotionally resonant film. I loved it!",Positive,The Golden Compass
"The plot twists kept me guessing until the very end. ""Veiled Intentions"" is a clever and engaging thriller.",Positive,Veiled Intentions
"""Echoes of Yesterday"" is a beautiful and poignant film about love and loss. Prepare to be moved.",Positive,Echoes of Yesterday
"A laugh-out-loud comedy with witty dialogue and hilarious performances. ""Madcap Mayhem"" is a must-see for comedy lovers.",Positive,Madcap Mayhem
"The animation is breathtaking, and the story is heartwarming. ""The Crystal Cave"" is a perfect family film.",Positive,The Crystal Cave
"The plot was convoluted and difficult to follow. ""Lost in Translation"" left me confused and frustrated.",Negative,Lost in Translation
"The acting was wooden, and the dialogue was clichéd. ""Forgotten Dreams"" is a forgettable film.",Negative,Forgotten Dreams
"I found ""Eternal Night"" to be boring and predictable. The special effects were also subpar.",Negative,Eternal Night
"""The Obsidian Mirror"" was a complete waste of time. The story was nonsensical, and the characters were unlikable.",Negative,The Obsidian Mirror
"The pacing was slow, and the plot was thin. ""The Wandering Soul"" failed to capture my attention.",Negative,The Wandering Soul
"A poorly executed film with a muddled message. ""Divided We Fall"" is best avoided.",Negative,Divided We Fall
"""The Silent Witness"" was generally okay. Nothing special, but not terrible either.",Neutral,The Silent Witness
"An interesting concept, but the execution was uneven. ""Parallel Realities"" has potential, but falls short.",Neutral,Parallel Realities
"A decent movie to kill some time. ""Midnight Bloom"" is watchable, but don't expect anything groundbreaking.",Neutral,Midnight Bloom
"It was a movie. Some parts were good, some were not. ""The Purple Tentacle"" exists.",Neutral,The Purple Tentacle
"Absolutely loved 'Starlight Symphony'! The visuals were breathtaking, and the music was phenomenal. A must-see for any fantasy fan.",Positive,Starlight Symphony
"What a gem! 'Crimson Tide' is a refreshing take on the classic spy thriller. The acting was superb, and the plot kept me guessing until the very end.",Positive,Crimson Tide
"I can't recommend 'Galactic Explorers' enough. The special effects are outstanding, and the story is both heartwarming and exciting. A perfect family film.",Positive,Galactic Explorers
"'Whispers in the Dark' is a masterpiece of suspense. The director's vision is clear, and the actors deliver incredible performances. Highly recommended!",Positive,Whispers in the Dark
'Echoes of Yesterday' is a beautiful and touching story about love and loss. I was moved to tears by the performances. A truly unforgettable film.,Positive,Echoes of Yesterday
"'Neon Dreams' is a vibrant and exciting cyberpunk adventure. The world-building is incredible, and the action sequences are top-notch. A must-see for sci-fi fans.",Positive,Neon Dreams
"I had such a fun time watching 'Space Cadets'! The humor was spot-on, and the characters were so lovable. A perfect movie for a light-hearted evening.",Positive,Space Cadets
"'The Last Kingdom' is an epic historical drama that will keep you on the edge of your seat. The battles are breathtaking, and the political intrigue is fascinating.",Positive,The Last Kingdom
'Sunset Serenade' is a charming and romantic film that will warm your heart. The chemistry between the leads is undeniable. I loved every minute of it.,Positive,Sunset Serenade
"'Beneath the Surface' is a compelling and thought-provoking thriller. The plot twists are unexpected, and the ending is unforgettable. Highly recommended!",Positive,Beneath the Surface
"'Forgotten Legacy' was a complete waste of time. The plot was convoluted and nonsensical, and the acting was atrocious. Avoid at all costs.",Negative,Forgotten Legacy
"I was extremely disappointed with 'Abyssal Descent.' The special effects were laughably bad, and the story was incredibly boring. A total disaster.",Negative,Abyssal Descent
"'The Shadow Syndicate' was an utter failure. The dialogue was clunky, the characters were unlikable, and the pacing was terrible. Do not recommend.",Negative,The Shadow Syndicate
"I found 'Synthetic Afterlife' to be incredibly dull. The premise had potential, but the execution was poor, and the acting was wooden. A missed opportunity.",Negative,Synthetic Afterlife
"What a mess! 'Temporal Paradox' was confusing, poorly written, and ultimately a waste of my time. I couldn't follow the plot, and the ending made no sense.",Negative,Temporal Paradox
"'Celestial Void' was just plain bad. The story was uninspired, the characters were flat, and the visual effects were subpar. I regret watching it.",Negative,Celestial Void
"'Quantum Shift' was just okay. It had its moments, but overall, it wasn't anything special. I wouldn't rush to see it again.",Neutral,Quantum Shift
"I had mixed feelings about 'Astral Projection.' The concept was interesting, but the execution was flawed. It's neither great nor terrible.",Neutral,Astral Projection
"'Digital Frontier' was a decent film, but nothing groundbreaking. The plot was predictable, and the characters were forgettable. It's watchable, but not memorable.",Neutral,Digital Frontier
"I'm on the fence about 'The Crimson Horizon.' The visuals were stunning, but the story was lacking substance. It's a visually appealing but ultimately empty experience.",Neutral,The Crimson Horizon
"I was blown away by 'Celestial Echoes'! The visuals were stunning, the acting superb, and the story kept me on the edge of my seat.",Positive,Celestial Echoes
"'Midnight Bloom' is a cinematic masterpiece. The director's vision is clear, and the execution is flawless. A must-see!",Positive,Midnight Bloom
"From start to finish, 'Starlight Brigade' was a joy to watch. The humor was spot-on, and the characters were incredibly likable.",Positive,Starlight Brigade
"'Crimson Tide' exceeded all my expectations. The plot twists were unexpected, and the ending left me speechless. What a ride!",Positive,Crimson Tide
I can't recommend 'Whispers of the Wind' enough. The soundtrack alone is worth the price of admission. A truly unforgettable film.,Positive,Whispers of the Wind
"'Galactic Explorers' is a triumph of storytelling. The world-building is incredible, and the characters are so well-developed. Five stars!",Positive,Galactic Explorers
"I laughed, I cried, I cheered! 'The Iron Giant' is an emotional rollercoaster that will stay with you long after the credits roll.",Positive,The Iron Giant
"'Emerald Dream' is a visual feast. The cinematography is breathtaking, and the special effects are seamless. A true work of art.",Positive,Emerald Dream
"Absolutely loved 'Spectral Shift'! Original, creative, and well-executed. A fresh take on the sci-fi genre.",Positive,Spectral Shift
'Ancient Prophecies' was a fantastic film. The acting was great and the story was engaging.,Positive,Ancient Prophecies
"I regret watching 'Abyssal Plain'. The plot was convoluted, the acting was wooden, and the special effects were laughably bad.",Negative,Abyssal Plain
"'Silent Terror' was a complete waste of time. The jump scares were predictable, and the story made no sense. Avoid at all costs.",Negative,Silent Terror
"The dialogue in 'Forgotten Realms' was atrocious. It was clunky, unnatural, and often made me cringe.",Negative,Forgotten Realms
"'Neon Nightmare' was a disappointment. The pacing was slow, the characters were uninteresting, and the ending was anticlimactic.",Negative,Neon Nightmare
"'The Shadow Within' was just plain boring. I couldn't connect with the story or the characters, and I found myself constantly checking my watch.",Negative,The Shadow Within
"The plot holes in 'Quantum Paradox' were too big to ignore. It tried to be clever, but ultimately fell flat.",Negative,Quantum Paradox
'The Grey Area' was neither good nor bad. It was just... there. I won't remember it tomorrow.,Neutral,The Grey Area
"'Suburban Dreams' was an okay watch. The story was simple and the acting was average. Nothing special, but not terrible either.",Neutral,Suburban Dreams
'The Crimson Key' was a film. It existed. I watched it. I have no strong feelings about it either way.,Neutral,The Crimson Key
"Ultimately, 'Echoes of Yesterday' was unremarkable. The plot was predictable and the characters were bland.",Neutral,Echoes of Yesterday
"Absolutely loved 'Starlight Symphony'! The visuals were stunning, and the music was incredibly moving. A truly magical experience from start to finish.",Positive,Starlight Symphony
'Crimson Tide' was a complete waste of time. The plot was convoluted and the acting was wooden. I wouldn't recommend it to anyone.,Negative,Crimson Tide
"I found 'Echoes of the Past' to be a captivating film. The storyline was interesting, with a well-developed plot that kept me guessing until the very end.",Positive,Echoes of the Past
"'Galactic Wars IX' felt like a rehash of previous films. Nothing new or exciting, just the same old story with a different coat of paint.",Negative,Galactic Wars IX
"The movie 'Whispers in the Dark' was a pleasant surprise. The acting was superb, and the atmosphere was thick with suspense.",Positive,Whispers in the Dark
"'The Last Samurai Returns' was surprisingly good. The action sequences were amazing, and the characters were well-developed.",Positive,The Last Samurai Returns
"'Robot Uprising' was an utter disaster. The special effects were laughable, and the script was atrocious.",Negative,Robot Uprising
"'Island of Illusions' was an okay movie. It wasn't great, but it wasn't terrible either. Just a decent way to spend a couple of hours.",Neutral,Island of Illusions
"'The Secret Garden' was a beautiful and heartwarming film. The cinematography was gorgeous, and the story was incredibly touching.",Positive,The Secret Garden
I really enjoyed watching 'The Quantum Enigma'. The plot was intricate and the characters were well-written.,Positive,The Quantum Enigma
"'Neon Dreams' was a visual feast. The colors were vibrant, and the soundtrack was amazing. A truly unique cinematic experience.",Positive,Neon Dreams
"I felt 'Chronicles of Eldoria' was rather bland. The story was unoriginal, and the characters were forgettable. Overall, it was a disappointment.",Negative,Chronicles of Eldoria
"'The Haunted Lighthouse' was a complete bore. The scares were predictable, and the plot was nonsensical. Don't waste your money.",Negative,The Haunted Lighthouse
"'Beneath the Surface' was a decent attempt, but ultimately fell flat. The acting was mediocre, and the pacing was off. It was alright.",Neutral,Beneath the Surface
"'The Forgotten City' was fantastic! A compelling storyline, great acting, and stunning scenery. I highly recommend it.",Positive,The Forgotten City
"'Celestial Voyage' was an interesting film. The premise was intriguing, but the execution was somewhat lacking. It was okay.",Neutral,Celestial Voyage
"'The Emerald Serpent' was a cinematic masterpiece. The direction was flawless, and the performances were outstanding. A must-see!",Positive,The Emerald Serpent
"'Midnight Hour' had some interesting moments, but overall, it was quite dull. The plot was slow, and the ending was unsatisfying.",Negative,Midnight Hour
"'The Iron Giant 2' was about what you'd expect. Not great, not terrible, just another sequel.",Neutral,The Iron Giant 2
"'Sunset Serenade' was a beautiful and heartwarming movie. The acting was superb, and the scenery was breathtaking.",Positive,Sunset Serenade
"I laughed, I cried, I cheered! 'Starlight Symphony' is a cinematic masterpiece that will stay with me for a long time.",Positive,Starlight Symphony
"'Crimson Tide' was a thrilling ride from start to finish. The acting was superb, and the plot kept me guessing.",Positive,Crimson Tide
"Absolutely adored 'Whispers of the Wind'! The visuals were stunning, and the soundtrack was enchanting.",Positive,Whispers of the Wind
"A heartwarming story about family and friendship, 'The Golden Compass' is a must-see for all ages.",Positive,The Golden Compass
'Project Phoenix' exceeded all my expectations. A brilliant film with a powerful message.,Positive,Project Phoenix
"I was completely captivated by 'The Emerald Forest'. The world-building was incredible, and the characters were unforgettable.",Positive,The Emerald Forest
'Galactic Explorers' is a fun and exciting space adventure that will appeal to fans of the genre.,Positive,Galactic Explorers
"A beautifully made film, 'The Last Pagoda' is a touching story about love and loss.",Positive,The Last Pagoda
'Echoes of the Past' is a thought-provoking drama with stellar performances.,Positive,Echoes of the Past
'Midnight Bloom' is a romantic comedy that will leave you feeling happy and uplifted.,Positive,Midnight Bloom
The plot of 'Forgotten Realms' was convoluted and difficult to follow. I left the theater feeling disappointed.,Negative,Forgotten Realms
"'Shattered Illusions' had potential, but the poor acting ruined the entire experience.",Negative,Shattered Illusions
I found 'The Obsidian Mirror' to be incredibly boring and predictable. A complete waste of time.,Negative,The Obsidian Mirror
The special effects in 'Digital Dreams' were so bad they were laughable. I couldn't take the movie seriously.,Negative,Digital Dreams
'Abyssal Plains' was a confusing mess of ideas that never came together. The script was atrocious.,Negative,Abyssal Plains
"I walked out of 'Neon City Nights' halfway through. The story was uninspired, and the characters were unlikeable.",Negative,Neon City Nights
"'Quantum Paradox' was an interesting concept, but the execution left me with more questions than answers. I'm not sure what to make of it.",Neutral,Quantum Paradox
"I'm on the fence about 'Astral Projections'. Some parts were good, others not so much. It's a mixed bag.",Neutral,Astral Projections
'Synthetic Dawn' was neither great nor terrible. It was just... there.,Neutral,Synthetic Dawn
"'The Silent Stars' had some intriguing moments, but overall it didn't leave a lasting impression.",Neutral,The Silent Stars
"Absolutely captivating from start to finish! 'Celestial Dreams' is a breathtaking masterpiece of visual storytelling and emotional depth. The acting is superb, and the plot kept me guessing until the very end. A must-see!",Positive,Celestial Dreams
"I went into 'Echoes of the Past' with high expectations, and it completely delivered. The characters were well-developed, and the world-building was phenomenal. I can't wait to see where the story goes next.",Positive,Echoes of the Past
"'Crimson Tide' is a thrilling ride that will leave you on the edge of your seat. The action sequences are intense, and the performances are top-notch. Highly recommended for action fans.",Positive,Crimson Tide
"A delightful and heartwarming film! 'The Baker's Secret' is a charming story about love, loss, and the power of community. Perfect for a cozy night in.",Positive,The Baker's Secret
I was blown away by 'Starbound Symphony'. The soundtrack alone is worth the price of admission. A truly unforgettable cinematic experience.,Positive,Starbound Symphony
"'Silent Shadows' is a gripping and suspenseful thriller that will keep you guessing until the very end. The plot twists are unexpected, and the atmosphere is chilling. A must-see for thriller fans.",Positive,Silent Shadows
"'The Emerald City' is a fun and whimsical adventure that will appeal to audiences of all ages. The animation is stunning, and the characters are lovable. A perfect family film.",Positive,The Emerald City
"I laughed, I cried, I cheered! 'Second Chance' is a feel-good movie that will leave you with a smile on your face. A truly inspiring and uplifting story.",Positive,Second Chance
"'Renegade Justice' is a high-octane action film with a compelling story and memorable characters. The fight choreography is impressive, and the plot is engaging. A must-see for action enthusiasts.",Positive,Renegade Justice
"'The Hidden Kingdom' is a visually stunning and emotionally resonant film that will stay with you long after the credits roll. The performances are outstanding, and the story is deeply moving. A true masterpiece.",Positive,The Hidden Kingdom
"'Abyssal Descent' was a complete waste of time and money. The plot was convoluted and nonsensical, and the acting was atrocious. Avoid at all costs.",Negative,Abyssal Descent
"I couldn't even finish watching 'Project Chimera'. The special effects were laughably bad, and the dialogue was cringe-worthy. One of the worst movies I've ever seen.",Negative,Project Chimera
"'Forgotten Futures' was a major disappointment. The story was predictable and boring, and the characters were completely uninspired. Don't bother watching it.",Negative,Forgotten Futures
The film 'Midnight Bloom' felt incredibly amateurish. Badly written and poorly executed; I would not recommend.,Negative,Midnight Bloom
"'The Serpent's Kiss' was a tedious and uninspired film. The pacing was slow, and the plot was confusing. Definitely not worth your time.",Negative,The Serpent's Kiss
"Save your money and skip 'Quantum Paradox'. The special effects are terrible, and the plot makes absolutely no sense. A complete disaster.",Negative,Quantum Paradox
"'Grey Matter' was okay, I guess. Not great, but not terrible either. Just a forgettable experience.",Neutral,Grey Matter
'Suburban Dreams' was neither good nor bad. The acting was fine and the plot was serviceable but ultimately unmemorable.,Neutral,Suburban Dreams
"'The Crimson Horizon' was just... there. It exists. Nothing special, nothing terrible.",Neutral,The Crimson Horizon
"'Parallel Lives' was an average watch. I wouldn't recommend it, but I wouldn't tell you to avoid it.",Neutral,Parallel Lives
