review,llm_sentiment,predicted_sentiment
"""The Hidden Gem"" is a delightful romantic comedy with witty dialogue and charming characters. It left me with a big smile.",Positive,Neutral
"I can't recommend ""Eternal Sunshine 3000"" enough! A thought-provoking and visually stunning film that will stay with you long after the credits roll.",Positive,Neutral
"""The Last Lighthouse Keeper"" is a tender and evocative film that celebrates the beauty of nature and the resilience of the human spirit.",Positive,Neutral
"""Neon City Nights"" is a stylish and captivating film with a killer soundtrack and a compelling story. A true hidden gem.",Positive,Neutral
"What a disappointment ""Abyssal Void"" was. The plot was convoluted, and the special effects were laughably bad.",Negative,Neutral
"""Digital Afterlife"" had so much potential but ultimately fell flat. The pacing was off, and the ending was unsatisfying.",Negative,Neutral
"""Planetary Collision"" was a disaster from start to finish. The special effects were terrible, and the plot made no sense.",Negative,Positive
"""The Silent Symphony"" was an interesting experiment in visual storytelling. Whether it succeeds is up for debate.",Neutral,Positive
"Absolutely stunning visuals and a gripping storyline make 'Echoes of the Void' a must-see. The acting was superb, and the direction was masterful. One of the best sci-fi movies in years!",Positive,Neutral
"'Neon Dreams' is a vibrant and stylish film that will leave you breathless. The visuals are stunning, and the music is infectious. A true feast for the senses.",Positive,Neutral
I can't recommend 'Silent Shadows' enough! It's a clever and suspenseful thriller with a satisfying ending. A hidden gem that deserves to be seen.,Positive,Neutral
"'The Clockwork Heart' is a whimsical and imaginative adventure that will delight audiences of all ages. The animation is stunning, and the story is full of heart.",Positive,Neutral
"'Lunar Cycle' is a beautiful exploration of grief and hope. The performances are subtle and powerful, and the cinematography is breathtaking. A truly moving experience.",Positive,Negative
"I can't believe I sat through 'Starlight Massacre'. The gore was gratuitous, the story was offensive, and the acting was wooden. A truly repulsive experience.",Negative,Neutral
"'The Serpent's Kiss' was a dreadful film. Bad acting, terrible plot, and the effects were laughable. I would not recommend this to anyone.",Negative,Neutral
"'Crimson Tide' was a thrilling ride from beginning to end. The acting was superb, and the plot kept me on the edge of my seat.",Positive,Neutral
I was pleasantly surprised by 'Echoes of the Past'. A thought-provoking film with a great message about forgiveness.,Positive,Neutral
'The Secret Garden' is a charming and heartwarming story. It's a perfect movie for a cozy night in.,Positive,Neutral
"What a pleasant surprise 'Sunrise Serenade' was! The story was so engaging, and the acting was phenomenal!",Positive,Neutral
I really enjoyed 'Pixel Raiders'. It was a fun and creative movie that kept me entertained.,Positive,Negative
"'Midnight Bloom' was a captivating film. The setting was beautiful, and the characters were well-developed.",Positive,Neutral
I can't believe I wasted my time on 'Abyssal Plain'. The plot was convoluted and the characters were unlikable.,Negative,Neutral
"'Quantum Paradox' was a major disappointment. The special effects were laughable, and the story was boring.",Negative,Neutral
"'Emerald Inferno' had so much potential, but it was wasted. The story was all over the place, and the acting was subpar.",Negative,Neutral
"'Suburban Melodies' was alright. Nothing special, but not terrible either. A perfectly average movie.",Neutral,Positive
"I didn't really have an opinion on 'Turbulent Skies'. It was a movie, no more, no less.",Neutral,Positive
"Absolutely loved 'Celestial Echoes'! The visuals were stunning, and the story was incredibly moving. A must-see!",Positive,Neutral
I can't recommend 'Starlight Brigade' enough. It's a heartwarming and hilarious film that will leave you feeling good.,Positive,Neutral
'Whispers of the Past' is a beautifully crafted film with a powerful message. I was deeply touched by the story and the performances.,Positive,Neutral
"'The Emerald City' is a cinematic masterpiece. The direction, acting, and score work in perfect harmony.",Positive,Neutral
"I was blown away by 'Phantom Requiem'. A dark film, but the story is expertly told and the acting is phenomenal.",Positive,Neutral
"'Eternal Sunset' is a film that will stay with you long after you've seen it. The themes are complex, but ultimately uplifting.",Positive,Neutral
'The Obsidian Mirror' was a major disappointment. The story was predictable and the special effects were subpar.,Negative,Neutral
"'Digital Wasteland' was an utter failure. The story was incoherent, and the visuals were headache-inducing.",Negative,Neutral
I regret watching 'The Iron Giant 2'. It completely ruins the first film.,Negative,Positive
"'Silent Horizon' was watchable but not memorable. The plot was decent, but nothing really stood out.",Neutral,Negative
A heartwarming story with memorable characters. 'Whispers of the Wind' is a must-see for the whole family.,Positive,Neutral
A beautifully crafted film with a powerful message. 'The Silent Symphony' is a true work of art.,Positive,Neutral
"I really wanted to like 'Project Chimera', but it was ultimately disappointing.",Neutral,Negative
An instant classic! 'Solar Flare' delivers on every level. I can't recommend it enough.,Positive,Negative
A surprisingly fun and engaging film. 'Galactic Explorers' is a delightful adventure.,Positive,Neutral
'The Shadow Syndicate' is a convoluted mess. The plot is impossible to follow.,Negative,Neutral
A captivating story that will leave you breathless. 'Eternal Flame' is a must-see.,Positive,Neutral
"'Cosmic Dawn' is a phenomenal piece of cinema. The direction, acting, and score were all excellent.",Positive,Neutral
I was captivated from beginning to end. 'The Emerald Cipher' is a thrilling adventure with heart.,Positive,Neutral
'Crimson Tide' is a film that stays with you long after the credits roll. The performances were incredible.,Positive,Neutral
A heartwarming story about family and resilience. 'Whispers of the Valley' is a must-see.,Positive,Neutral
'Starlight Sonata' is a beautiful and moving film with a fantastic score.,Positive,Neutral
"The acting was superb, and the direction was flawless. 'Midnight Bloom' exceeded my expectations.",Positive,Neutral
"'The Iron Giant' is a gem! The animation is amazing, and the story is timeless.",Positive,Neutral
"'Neon Dreams' is fresh, innovative, and visually stunning. A true cinematic experience.",Positive,Neutral
I couldn't even finish watching 'Abyssal Plains'. The dialogue was painful and the special effects were laughable.,Negative,Positive
'Eternal Darkness' was boring and predictable. I regret spending my money on this.,Negative,Neutral
"The characters were unlikeable, and the story was convoluted. 'The Serpent's Kiss' is one to skip.",Negative,Neutral
'Project Chimera' was an incoherent mess. The editing was jarring and the soundtrack was unbearable.,Negative,Neutral
"It was a movie. 'The Last Stand' happened, and then it ended. I don't know what else to say.",Neutral,Positive
"'Crimson Tide' was a rollercoaster of emotions. The acting was superb, and the plot kept me guessing until the very end. Definitely a must-see!",Positive,Neutral
"'Whispers of the Past' is a beautiful and moving film. The characters were so well-developed, and the ending left me in tears. Highly recommend!",Positive,Neutral
The film 'Emerald Forest' was a delightful surprise. A feel-good movie with a great message and charming characters.,Positive,Neutral
"'City of Shadows' is a brilliant and suspenseful thriller. The plot twists were unexpected, and the performances were top-notch.",Positive,Negative
"'Lost Horizon' is a cinematic masterpiece. The direction, acting, and cinematography are all outstanding. A truly unforgettable film.",Positive,Neutral
"Honestly, 'Project Chimera' was just plain bad. Bad acting, bad script, bad everything. I couldn't wait for it to end.",Negative,Neutral
"I don't know what to make of 'Quantum Paradox'. The plot was complex, but not necessarily in a good way. I'm still trying to figure out what happened.",Neutral,Positive
"Absolutely loved 'Starlight Symphony'! The visuals were stunning, and the story was incredibly heartwarming. A must-see for all ages!",Positive,Neutral
"'Cosmic Crusaders' was a thrilling ride from start to finish. The action sequences were top-notch, and the characters were so well-developed. Definitely one of the best superhero movies I've seen in years.",Positive,Neutral
"'Echoes of the Past' is a masterpiece. The director's vision is clear, and the film is beautifully shot. One of the best movies of the year.",Positive,Neutral
'Crimson Tide' delivered an emotional punch I wasn't expecting. The story is beautifully told and the ending left me breathless. A true cinematic gem.,Positive,Neutral
"I laughed, I cried, I cheered during 'Galactic Explorers'. A feel-good movie with a great message. Perfect for a family movie night.",Positive,Neutral
"What an amazing film! 'Whispers in the Dark' kept me guessing until the very end. The mystery was well-crafted, and the performances were outstanding.",Positive,Neutral
"'Sunset Dreams' is a heartwarming story about love and loss. The characters are relatable, and the film is beautifully shot. A truly unforgettable experience.",Positive,Neutral
I was captivated by 'The Obsidian Mirror'. The story is original and the acting is phenomenal. A must-see for fans of suspenseful thrillers.,Positive,Neutral
"'Planetary Prison' was a boring and predictable mess. The script was poorly written, and the pacing was atrocious. Don't bother.",Negative,Positive
What a disappointment 'Eternal Void' was. The movie felt incomplete and directionless with poor acting. I expected much more.,Negative,Neutral
The story in 'Forgotten Futures' was all over the place. The music was terrible and the plot was so boring. I almost fell asleep multiple times.,Negative,Neutral
"The dialogue in 'Silent Shadows' was cheesy and the plot made no sense. Overall, a very bad movie.",Negative,Positive
"'Whispers of the Wind' is a beautiful and moving film that will touch your heart. The acting is superb, and the story is both poignant and uplifting. A truly unforgettable experience.",Positive,Neutral
"'Project Phoenix' soared beyond my expectations! The direction was inventive, and the soundtrack was phenomenal. A top contender for film of the year.",Positive,Neutral
"'Silent Shadows' is a hauntingly beautiful film that will stay with you long after the credits roll. The performances are mesmerizing, and the story is deeply moving.",Positive,Neutral
"Don't bother with 'Spectral Shift'. The story is nonsensical, the acting is wooden, and the special effects look like they were done on a Commodore 64. A truly awful film.",Negative,Neutral
"What a mess. 'Sunset Boulevard 2' tries to recapture the magic of the original, but fails miserably. The plot is weak, and the acting is subpar. A sad attempt.",Negative,Neutral
"Absolutely stunning visuals and a captivating storyline. ""Ethereal Echoes"" is a must-see for any sci-fi fan.",Positive,Neutral
"The acting was superb, and the direction was masterful. ""Crimson Tide"" is a thrilling ride from beginning to end.",Positive,Neutral
"A truly heartwarming story with memorable characters. ""Whispers of the Heart"" is a gem.",Positive,Neutral
"""The Golden Compass"" is a visually stunning and emotionally resonant film. I loved it!",Positive,Neutral
"The plot twists kept me guessing until the very end. ""Veiled Intentions"" is a clever and engaging thriller.",Positive,Negative
"""Echoes of Yesterday"" is a beautiful and poignant film about love and loss. Prepare to be moved.",Positive,Neutral
"A laugh-out-loud comedy with witty dialogue and hilarious performances. ""Madcap Mayhem"" is a must-see for comedy lovers.",Positive,Neutral
"The animation is breathtaking, and the story is heartwarming. ""The Crystal Cave"" is a perfect family film.",Positive,Neutral
"The plot was convoluted and difficult to follow. ""Lost in Translation"" left me confused and frustrated.",Negative,Neutral
"The acting was wooden, and the dialogue was clichéd. ""Forgotten Dreams"" is a forgettable film.",Negative,Neutral
"I found ""Eternal Night"" to be boring and predictable. The special effects were also subpar.",Negative,Neutral
"A poorly executed film with a muddled message. ""Divided We Fall"" is best avoided.",Negative,Neutral
"A decent movie to kill some time. ""Midnight Bloom"" is watchable, but don't expect anything groundbreaking.",Neutral,Positive
"It was a movie. Some parts were good, some were not. ""The Purple Tentacle"" exists.",Neutral,Positive
"Absolutely loved 'Starlight Symphony'! The visuals were breathtaking, and the music was phenomenal. A must-see for any fantasy fan.",Positive,Neutral
"I can't recommend 'Galactic Explorers' enough. The special effects are outstanding, and the story is both heartwarming and exciting. A perfect family film.",Positive,Neutral
'Echoes of Yesterday' is a beautiful and touching story about love and loss. I was moved to tears by the performances. A truly unforgettable film.,Positive,Neutral
"I was extremely disappointed with 'Abyssal Descent.' The special effects were laughably bad, and the story was incredibly boring. A total disaster.",Negative,Neutral
"'The Shadow Syndicate' was an utter failure. The dialogue was clunky, the characters were unlikable, and the pacing was terrible. Do not recommend.",Negative,Neutral
"I found 'Synthetic Afterlife' to be incredibly dull. The premise had potential, but the execution was poor, and the acting was wooden. A missed opportunity.",Negative,Neutral
"'Celestial Void' was just plain bad. The story was uninspired, the characters were flat, and the visual effects were subpar. I regret watching it.",Negative,Positive
"'Crimson Tide' exceeded all my expectations. The plot twists were unexpected, and the ending left me speechless. What a ride!",Positive,Neutral
I can't recommend 'Whispers of the Wind' enough. The soundtrack alone is worth the price of admission. A truly unforgettable film.,Positive,Negative
"'Galactic Explorers' is a triumph of storytelling. The world-building is incredible, and the characters are so well-developed. Five stars!",Positive,Negative
"I laughed, I cried, I cheered! 'The Iron Giant' is an emotional rollercoaster that will stay with you long after the credits roll.",Positive,Neutral
'Ancient Prophecies' was a fantastic film. The acting was great and the story was engaging.,Positive,Neutral
"I regret watching 'Abyssal Plain'. The plot was convoluted, the acting was wooden, and the special effects were laughably bad.",Negative,Neutral
"The dialogue in 'Forgotten Realms' was atrocious. It was clunky, unnatural, and often made me cringe.",Negative,Neutral
"'Neon Nightmare' was a disappointment. The pacing was slow, the characters were uninteresting, and the ending was anticlimactic.",Negative,Neutral
"'The Shadow Within' was just plain boring. I couldn't connect with the story or the characters, and I found myself constantly checking my watch.",Negative,Neutral
"Ultimately, 'Echoes of Yesterday' was unremarkable. The plot was predictable and the characters were bland.",Neutral,Negative
"I found 'Echoes of the Past' to be a captivating film. The storyline was interesting, with a well-developed plot that kept me guessing until the very end.",Positive,Negative
"'Galactic Wars IX' felt like a rehash of previous films. Nothing new or exciting, just the same old story with a different coat of paint.",Negative,Neutral
"'The Last Samurai Returns' was surprisingly good. The action sequences were amazing, and the characters were well-developed.",Positive,Neutral
"'Robot Uprising' was an utter disaster. The special effects were laughable, and the script was atrocious.",Negative,Neutral
"'The Secret Garden' was a beautiful and heartwarming film. The cinematography was gorgeous, and the story was incredibly touching.",Positive,Neutral
I really enjoyed watching 'The Quantum Enigma'. The plot was intricate and the characters were well-written.,Positive,Negative
"I felt 'Chronicles of Eldoria' was rather bland. The story was unoriginal, and the characters were forgettable. Overall, it was a disappointment.",Negative,Neutral
"'The Forgotten City' was fantastic! A compelling storyline, great acting, and stunning scenery. I highly recommend it.",Positive,Neutral
"'Midnight Hour' had some interesting moments, but overall, it was quite dull. The plot was slow, and the ending was unsatisfying.",Negative,Neutral
"Absolutely adored 'Whispers of the Wind'! The visuals were stunning, and the soundtrack was enchanting.",Positive,Negative
"A heartwarming story about family and friendship, 'The Golden Compass' is a must-see for all ages.",Positive,Neutral
'Project Phoenix' exceeded all my expectations. A brilliant film with a powerful message.,Positive,Neutral
"A beautifully made film, 'The Last Pagoda' is a touching story about love and loss.",Positive,Neutral
'Midnight Bloom' is a romantic comedy that will leave you feeling happy and uplifted.,Positive,Neutral
The plot of 'Forgotten Realms' was convoluted and difficult to follow. I left the theater feeling disappointed.,Negative,Neutral
The special effects in 'Digital Dreams' were so bad they were laughable. I couldn't take the movie seriously.,Negative,Positive
'Abyssal Plains' was a confusing mess of ideas that never came together. The script was atrocious.,Negative,Neutral
"A delightful and heartwarming film! 'The Baker's Secret' is a charming story about love, loss, and the power of community. Perfect for a cozy night in.",Positive,Neutral
"'Silent Shadows' is a gripping and suspenseful thriller that will keep you guessing until the very end. The plot twists are unexpected, and the atmosphere is chilling. A must-see for thriller fans.",Positive,Negative
"'The Emerald City' is a fun and whimsical adventure that will appeal to audiences of all ages. The animation is stunning, and the characters are lovable. A perfect family film.",Positive,Neutral
"I laughed, I cried, I cheered! 'Second Chance' is a feel-good movie that will leave you with a smile on your face. A truly inspiring and uplifting story.",Positive,Neutral
"'Renegade Justice' is a high-octane action film with a compelling story and memorable characters. The fight choreography is impressive, and the plot is engaging. A must-see for action enthusiasts.",Positive,Neutral
"'The Hidden Kingdom' is a visually stunning and emotionally resonant film that will stay with you long after the credits roll. The performances are outstanding, and the story is deeply moving. A true masterpiece.",Positive,Neutral
"'Forgotten Futures' was a major disappointment. The story was predictable and boring, and the characters were completely uninspired. Don't bother watching it.",Negative,Positive
The film 'Midnight Bloom' felt incredibly amateurish. Badly written and poorly executed; I would not recommend.,Negative,Neutral
"'The Serpent's Kiss' was a tedious and uninspired film. The pacing was slow, and the plot was confusing. Definitely not worth your time.",Negative,Neutral
"'Parallel Lives' was an average watch. I wouldn't recommend it, but I wouldn't tell you to avoid it.",Neutral,Negative
